county,1st Quarter,2nd Quarter,3rd Quarter,4th Quarter,Total,Year
Alameda,724440.0,805801.0,798844.0,733191.0,3062276,1990
Amador,11438.0,13853.0,15138.0,12522.0,52951,1990
Butte,34460.0,38909.0,35016.0,30720.0,139105,1990
Calaveras,7720.0,9596.0,10581.0,8914.0,36811,1990
Colusa,3550.0,4215.0,4337.0,4157.0,16259,1990
Contra Costa,142015.0,157067.0,138661.0,122657.0,560400,1990
Del Norte,2839.0,3228.0,2869.0,2242.0,11178,1990
El Dorado,7840.0,7042.0,9614.0,9841.0,34337,1990
Fresno,152623.0,170143.0,164849.0,155657.0,643272,1990
Glenn,5340.0,5400.0,5460.0,5755.0,21955,1990
Humboldt,38004.0,44471.0,36777.0,30479.0,149731,1990
Imperial,19855.0,18958.0,20924.0,24617.0,84354,1990
Inyo,3266.0,4149.0,4946.0,2501.0,14862,1990
Kern,238377.0,238391.0,238719.0,238557.0,954044,1990
Kings,20297.0,22297.0,24318.0,23795.0,90707,1990
Lake,10441.0,13483.0,20411.0,3808.0,48143,1990
Lassen,4008.0,4979.0,3988.0,4481.0,17456,1990
Los Angeles,3097198.0,3300598.0,3322642.0,3158903.0,12879341,1990
Madera,18387.0,21810.0,20090.0,18754.0,79041,1990
Marin,118516.0,105816.0,100841.0,109365.0,434538,1990
Mariposa,2113.0,3500.0,3840.0,2330.0,11783,1990
Mendocino,10511.0,15442.0,19743.0,10656.0,56352,1990
Merced,45499.0,51194.0,48402.0,42186.0,187281,1990
Modoc,460.0,450.0,676.0,413.0,1999,1990
Mono,1869.0,50.0,1256.0,64.0,3239,1990
Monterey,102949.0,114244.0,131011.0,110063.0,458267,1990
Napa,54204.0,64182.0,60498.0,55685.0,234569,1990
Nevada,8808.0,15444.0,10271.0,8403.0,42926,1990
Orange,1029384.0,1050697.0,1037705.0,928520.0,4046306,1990
Placer,47750.0,59167.0,61470.0,51949.0,220336,1990
Plumas,2551.0,3751.0,4790.0,2862.0,13954,1990
Riverside,448605.0,487974.0,461505.0,441077.0,1839161,1990
Sacramento,262321.0,290428.0,275649.0,263885.0,1092283,1990
San Benito,4000.0,5000.0,8000.0,6000.0,23000,1990
San Bernardino,424855.0,518957.0,473503.0,426163.0,1843478,1990
San Diego,787377.0,1008978.0,1010855.0,809898.0,3617108,1990
San Joaquin,134253.0,146002.0,150569.0,143225.0,574049,1990
San Luis Obispo,85043.0,59053.0,55807.0,51361.0,251264,1990
San Mateo,206496.0,220541.0,221875.0,200713.0,849625,1990
Santa Barbara,108285.0,104011.0,144646.0,116830.0,473772,1990
Santa Clara,511131.0,485335.0,447751.0,428115.0,1872332,1990
Santa Cruz,73318.0,70854.0,72549.0,64456.0,281177,1990
Shasta,70239.0,69032.0,60275.0,44359.0,243905,1990
Sierra,488.0,666.0,913.0,605.0,2672,1990
Siskiyou,5343.0,6616.0,7231.0,7364.0,26554,1990
Solano,67836.0,70880.0,88848.0,70381.0,297945,1990
Sonoma,126768.0,145025.0,138990.0,129168.0,539951,1990
Stanislaus,36065.0,44172.0,22038.0,21674.0,123949,1990
Tehama,8429.0,7835.0,7417.0,7045.0,30726,1990
Trinity,1899.0,2312.0,2556.0,1605.0,8372,1990
Tulare,70038.0,82727.0,83917.0,77508.0,314190,1990
Tuolumne,7794.0,9338.0,8734.0,6441.0,32307,1990
Ventura,200561.0,214471.0,193447.0,166810.0,775289,1990
Yolo,56553.0,60932.0,80947.0,63184.0,261616,1990
Yuba,30988.0,30997.0,33440.0,30000.0,125425,1990
Alameda,641876.0,678486.0,677063.0,644406.0,2641831,1991
Amador,5318.0,8511.0,16384.0,9979.0,40192,1991
Butte,27346.0,24214.0,49594.0,30855.0,132009,1991
Calaveras,10264.0,13120.0,11410.0,5879.0,40673,1991
Colusa,3488.0,3911.0,4263.0,3948.0,15610,1991
Contra Costa,105714.0,116083.0,118978.0,130559.0,471334,1991
Del Norte,3004.0,2678.0,3557.0,2642.0,11881,1991
El Dorado,7484.0,8013.0,7374.0,17622.0,40493,1991
Fresno,149356.0,163284.0,163880.0,154613.0,631133,1991
Glenn,5488.0,6124.0,5574.0,4670.0,21856,1991
Humboldt,34123.0,33850.0,37581.0,32109.0,137663,1991
Imperial,25930.0,34815.0,40413.0,38617.0,139775,1991
Inyo,3934.0,6551.0,6687.0,5302.0,22474,1991
Kern,238502.0,238433.0,240896.0,239137.0,956968,1991
Kings,22653.0,25530.0,25620.0,24416.0,98219,1991
Lake,10219.0,12143.0,13870.0,10890.0,47122,1991
Lassen,9104.0,10126.0,6869.0,4716.0,30815,1991
Los Angeles,2931740.0,3101274.0,3134365.0,2680769.0,11848148,1991
Madera,18111.0,19824.0,20714.0,18388.0,77037,1991
Marin,99016.0,102190.0,76892.0,91160.0,369258,1991
Mariposa,1942.0,2888.0,3438.0,3146.0,11414,1991
Mendocino,8708.0,10949.0,12484.0,10927.0,43068,1991
Merced,38771.0,46096.0,48008.0,39782.0,172657,1991
Modoc,313.0,351.0,358.0,260.0,1282,1991
Mono,659.0,910.0,1232.0,845.0,3646,1991
Monterey,89496.0,110017.0,111763.0,104077.0,415353,1991
Napa,47422.0,60933.0,63634.0,56883.0,228872,1991
Nevada,6923.0,9182.0,9445.0,7936.0,33486,1991
Orange,816594.0,900610.0,873259.0,861849.0,3452312,1991
Placer,46741.0,56291.0,58990.0,54427.0,216449,1991
Plumas,2279.0,3899.0,4679.0,3333.0,14190,1991
Riverside,379285.0,414683.0,390661.0,366674.0,1551303,1991
Sacramento,254404.0,304248.0,265723.0,237819.0,1062194,1991
San Benito,4480.0,6154.0,7381.0,4798.0,22813,1991
San Bernardino,414222.0,483010.0,417682.0,414426.0,1729340,1991
San Diego,771092.0,863008.0,827785.0,734054.0,3195939,1991
San Joaquin,126045.0,150354.0,141985.0,134431.0,552815,1991
San Luis Obispo,47430.0,53859.0,51807.0,49391.0,202487,1991
San Mateo,192832.0,222781.0,228185.0,216513.0,860311,1991
Santa Barbara,108173.0,121230.0,120075.0,102449.0,451927,1991
Santa Clara,392878.0,450698.0,445606.0,424877.0,1714059,1991
Santa Cruz,56841.0,63285.0,56777.0,50483.0,227386,1991
Shasta,46118.0,58993.0,54893.0,45050.0,205054,1991
Sierra,488.0,666.0,913.0,605.0,2672,1991
Siskiyou,5354.0,6460.0,5852.0,4707.0,22373,1991
Solano,63878.0,72166.0,82029.0,70826.0,288899,1991
Sonoma,116951.0,117538.0,145316.0,125312.0,505117,1991
Stanislaus,25598.0,30656.0,22841.0,21262.0,100357,1991
Tehama,6711.0,6630.0,6744.0,6820.0,26905,1991
Trinity,2285.0,2981.0,3188.0,3069.0,11523,1991
Tulare,72180.0,84032.0,82340.0,75573.0,314125,1991
Tuolumne,5361.0,5994.0,6435.0,1529.0,19319,1991
Ventura,154358.0,177521.0,193610.0,172697.0,698186,1991
Yolo,54592.0,67857.0,64600.0,59478.0,246527,1991
Yuba,30060.0,30846.0,34169.0,31856.0,126931,1991
Alameda,575718.0,611953.0,616145.0,504394.0,2308210,1992
Amador,11046.0,20438.0,5922.0,5308.0,42714,1992
Butte,26374.0,34693.0,33503.0,31484.0,126054,1992
Calaveras,5777.0,6638.0,7529.0,6238.0,26182,1992
Colusa,3673.0,4404.0,4706.0,4325.0,17108,1992
Contra Costa,147461.0,133408.0,102086.0,56355.0,439310,1992
Del Norte,2433.0,2818.0,2916.0,2648.0,10815,1992
El Dorado,13511.0,18593.0,18449.0,17039.0,67592,1992
Fresno,157642.0,166906.0,162457.0,154735.0,641740,1992
Glenn,5092.0,5433.0,5781.0,5226.0,21532,1992
Humboldt,31238.0,31273.0,31678.0,30922.0,125111,1992
Imperial,37321.0,40792.0,40162.0,35292.0,153567,1992
Inyo,4390.0,5055.0,7093.0,3568.0,20106,1992
Kern,239249.0,257877.0,264142.0,228459.0,989727,1992
Kings,23463.0,24138.0,22941.0,21157.0,91699,1992
Lake,9415.0,12760.0,12724.0,9952.0,44851,1992
Lassen,8076.0,5303.0,5249.0,5128.0,23756,1992
Los Angeles,2974175.0,3274515.0,3015932.0,2823840.0,12088462,1992
Madera,18.0,22401.0,22504.0,19878.0,64801,1992
Marin,79210.0,84008.0,93041.0,89523.0,345782,1992
Mariposa,1518.0,2680.0,3025.0,1726.0,8949,1992
Mendocino,9721.0,11057.0,11270.0,8345.0,40393,1992
Merced,41581.0,46643.0,44511.0,39812.0,172547,1992
Modoc,262.0,289.0,315.0,265.0,1131,1992
Mono,934.0,1745.0,1567.0,0.0,4246,1992
Monterey,95564.0,108702.0,106893.0,97882.0,409041,1992
Napa,50973.0,59325.0,55893.0,50950.0,217141,1992
Nevada,7469.0,5426.0,6345.0,3809.0,23049,1992
Orange,815006.0,914862.0,885068.0,835234.0,3450170,1992
Placer,48699.0,57408.0,59773.0,52153.0,218033,1992
Plumas,2641.0,3411.0,4679.0,2859.0,13590,1992
Riverside,330886.0,365099.0,341218.0,358447.0,1395650,1992
Sacramento,245207.0,280631.0,268101.0,246882.0,1040821,1992
San Benito,4451.0,4165.0,6935.0,5699.0,21250,1992
San Bernardino,414725.0,481523.0,436118.0,412537.0,1744903,1992
San Diego,736516.0,841191.0,771638.0,695642.0,3044987,1992
San Joaquin,130537.0,158345.0,161429.0,145931.0,596242,1992
San Luis Obispo,46117.0,51404.0,52918.0,45774.0,196213,1992
San Mateo,199409.0,227652.0,236428.0,212719.0,876208,1992
Santa Barbara,101649.0,113437.0,112544.0,95974.0,423604,1992
Santa Clara,418956.0,457005.0,419242.0,406197.0,1701400,1992
Santa Cruz,51894.0,60334.0,56333.0,54292.0,222853,1992
Shasta,52116.0,54467.0,51301.0,46939.0,204823,1992
Sierra,488.0,666.0,913.0,607.0,2674,1992
Siskiyou,5300.0,5451.0,7167.0,4858.0,22776,1992
Solano,95805.0,96560.0,88429.0,115348.0,396142,1992
Sonoma,111105.0,131600.0,136601.0,119929.0,499235,1992
Stanislaus,17135.0,30054.0,22116.0,23032.0,92337,1992
Tehama,6723.0,6978.0,7673.0,6807.0,28181,1992
Trinity,2505.0,3057.0,3228.0,2110.0,10900,1992
Tulare,77705.0,85401.0,83136.0,77381.0,323623,1992
Tuolumne,1831.0,4186.0,3896.0,4520.0,14433,1992
Ventura,156308.0,185129.0,177672.0,162084.0,681193,1992
Yolo,48185.0,45892.0,46568.0,41473.0,182118,1992
Yuba,30405.0,33803.0,31585.0,32148.0,127941,1992
Alameda,551109.0,590210.0,576476.0,544351.0,2262146,1993
Amador,7105.0,5792.0,6841.0,5284.0,25022,1993
Butte,37574.0,44822.0,47163.0,42689.0,172248,1993
Calaveras,6507.0,6715.0,6713.0,5595.0,25530,1993
Colusa,3985.0,4280.0,4732.0,1016.0,14013,1993
Contra Costa,53793.0,78556.0,87780.0,158236.0,378365,1993
Del Norte,2446.0,2668.0,3559.0,3024.0,11697,1993
El Dorado,15183.0,18217.0,18339.0,16149.0,67888,1993
Fresno,165706.0,172511.0,164769.0,161574.0,664560,1993
Glenn,5055.0,5928.0,6040.0,5677.0,22700,1993
Humboldt,31644.0,31420.0,30821.0,24610.0,118495,1993
Imperial,37509.0,38058.0,44180.0,40049.0,159796,1993
Inyo,3013.0,2594.0,2049.0,937.0,8593,1993
Kern,191285.0,247698.0,181303.0,157913.0,778199,1993
Kings,23083.0,23635.0,24247.0,24979.0,95944,1993
Lake,6949.0,4225.0,9906.0,7906.0,28986,1993
Lassen,4748.0,5919.0,5624.0,3656.0,19947,1993
Los Angeles,2823013.0,2947837.0,2927974.0,2820548.0,11519372,1993
Madera,20104.0,21811.0,22005.0,20297.0,84217,1993
Marin,62127.0,77910.0,53492.0,54375.0,247904,1993
Mariposa,2614.0,3332.0,3646.0,2498.0,12090,1993
Mendocino,8574.0,9559.0,10825.0,10069.0,39027,1993
Merced,42660.0,47496.0,48090.0,43383.0,181629,1993
Modoc,253.0,322.0,376.0,426.0,1377,1993
Mono,445.0,639.0,1142.0,1962.0,4188,1993
Monterey,90838.0,108730.0,109902.0,105038.0,414508,1993
Napa,47984.0,54667.0,55584.0,49985.0,208220,1993
Orange,809343.0,850012.0,854577.0,812009.0,3325941,1993
Placer,48998.0,58801.0,61232.0,54510.0,223541,1993
Plumas,2667.0,4442.0,4852.0,3237.0,15198,1993
Riverside,354454.0,400823.0,382489.0,371639.0,1509405,1993
Sacramento,255232.0,264814.0,246773.0,250769.0,1017588,1993
San Benito,6012.0,6691.0,9203.0,6660.0,28566,1993
San Bernardino,395188.0,432596.0,418874.0,397693.0,1644351,1993
San Diego,709084.0,739491.0,714120.0,656143.0,2818838,1993
San Joaquin,147016.0,162457.0,164757.0,152866.0,627096,1993
San Luis Obispo,45809.0,51056.0,51234.0,47559.0,195658,1993
San Mateo,203657.0,228326.0,231785.0,215007.0,878775,1993
Santa Barbara,64840.0,118086.0,118447.0,105964.0,407337,1993
Santa Clara,389491.0,427491.0,397705.0,366150.0,1580837,1993
Santa Cruz,52184.0,63256.0,59131.0,52016.0,226587,1993
Shasta,58186.0,67134.0,64859.0,62747.0,252926,1993
Sierra,485.0,680.0,942.0,616.0,2723,1993
Siskiyou,5029.0,6180.0,6253.0,6512.0,23974,1993
Solano,65667.0,72975.0,97018.0,96699.0,332359,1993
Sonoma,106079.0,113496.0,127878.0,116860.0,464313,1993
Stanislaus,14919.0,24078.0,22331.0,21809.0,83137,1993
Tehama,6710.0,6699.0,6630.0,6656.0,26695,1993
Trinity,1920.0,2446.0,2754.0,1981.0,9101,1993
Tulare,78639.0,85121.0,85478.0,81239.0,330477,1993
Tuolumne,3975.0,4973.0,10501.0,6921.0,26370,1993
Ventura,157876.0,181632.0,181723.0,168509.0,689740,1993
Yolo,40222.0,42793.0,44657.0,41574.0,169246,1993
Yuba,30550.0,32898.0,32771.0,27925.0,124144,1993
Alameda,499517.0,560553.0,562337.0,559908.0,2182315,1994
Amador,5049.0,5527.0,5326.0,4037.0,19939,1994
Butte,44674.0,47810.0,47786.0,42227.0,182497,1994
Calaveras,5549.0,5840.0,7825.0,5811.0,25025,1994
Contra Costa,84602.0,83727.0,170105.0,146714.0,485148,1994
Del Norte,2827.0,2973.0,3468.0,2989.0,12257,1994
El Dorado,15833.0,17538.0,18564.0,16513.0,68448,1994
Fresno,159528.0,169903.0,166676.0,160632.0,656739,1994
Glenn,5654.0,6439.0,6474.0,6493.0,25060,1994
Humboldt,24177.0,24749.0,24054.0,21727.0,94707,1994
Imperial,40092.0,39483.0,43416.0,41214.0,164205,1994
Inyo,1515.0,2747.0,3946.0,3748.0,11956,1994
Kern,150010.0,170114.0,158913.0,148647.0,627684,1994
Kings,23869.0,23483.0,23690.0,24459.0,95501,1994
Lake,3818.0,8772.0,9121.0,7917.0,29628,1994
Lassen,4794.0,4638.0,5305.0,3141.0,17878,1994
Los Angeles,3002287.0,3220414.0,3170396.0,2950738.0,12343835,1994
Madera,19687.0,22818.0,24020.0,22344.0,88869,1994
Marin,75682.0,78001.0,110809.0,70206.0,334698,1994
Mariposa,2161.0,3568.0,4305.0,2706.0,12740,1994
Mendocino,9605.0,10699.0,11628.0,10591.0,42523,1994
Merced,43437.0,47485.0,48124.0,47386.0,186432,1994
Modoc,406.0,450.0,1153.0,975.0,2984,1994
Mono,905.0,546.0,1250.0,531.0,3232,1994
Monterey,86780.0,112067.0,121936.0,110619.0,431402,1994
Napa,46380.0,50397.0,50325.0,48097.0,195199,1994
Orange,722717.0,763303.0,775138.0,711316.0,2972474,1994
Placer,48851.0,53053.0,56860.0,51324.0,210088,1994
Plumas,1015.0,3278.0,9068.0,256.0,13617,1994
Riverside,362923.0,389870.0,383227.0,381781.0,1517801,1994
Sacramento,251080.0,266729.0,262481.0,274910.0,1055200,1994
San Benito,6100.0,7634.0,9784.0,7584.0,31102,1994
San Bernardino,347609.0,464784.0,320319.0,352260.0,1484972,1994
San Diego,624179.0,662971.0,657044.0,553476.0,2497670,1994
San Joaquin,138445.0,165736.0,179811.0,196945.0,680937,1994
San Luis Obispo,43708.0,47830.0,51956.0,46398.0,189892,1994
San Mateo,190848.0,217079.0,228043.0,207041.0,843011,1994
Santa Barbara,92853.0,100936.0,104893.0,98168.0,396850,1994
Santa Clara,344563.0,374535.0,370244.0,349741.0,1439083,1994
Santa Cruz,52224.0,53745.0,60397.0,56226.0,222592,1994
Shasta,50103.0,55044.0,57176.0,58178.0,220501,1994
Sierra,491.0,690.0,955.0,505.0,2641,1994
Siskiyou,5439.0,3938.0,7050.0,6463.0,22890,1994
Solano,95043.0,99158.0,103963.0,85569.0,383733,1994
Sonoma,104568.0,109796.0,119548.0,104694.0,438606,1994
Stanislaus,16172.0,24291.0,16781.0,19512.0,76756,1994
Tehama,6630.0,6630.0,12993.0,17344.0,43597,1994
Trinity,2058.0,2479.0,2696.0,2135.0,9368,1994
Tulare,80578.0,84704.0,82769.0,88047.0,336098,1994
Tuolumne,6327.0,7085.0,8020.0,6518.0,27950,1994
Ventura,121114.0,187806.0,183913.0,163145.0,655978,1994
Yolo,36999.0,39370.0,41918.0,39037.0,157324,1994
Yuba,26814.0,29832.0,31767.0,31487.0,119900,1994
Alameda,574076.0,577246.0,591938.0,570146.0,2313406,1995
Amador,4887.0,4930.0,5189.0,4608.0,19614,1995
Butte,46893.0,51635.0,51730.0,48234.0,198492,1995
Calaveras,6194.0,5904.0,7413.0,7934.0,27445,1995
Contra Costa,150814.0,162694.0,169601.0,194703.0,677812,1995
Del Norte,2889.0,3163.0,3129.0,3258.0,12439,1995
El Dorado,16003.0,18183.0,19263.0,17533.0,70982,1995
Fresno,164130.0,171336.0,164045.0,169721.0,669232,1995
Glenn,5432.0,6135.0,6180.0,5237.0,22984,1995
Humboldt,21685.0,21845.0,25501.0,20561.0,89592,1995
Imperial,44340.0,43552.0,41580.0,39812.0,169284,1995
Inyo,4369.0,2355.0,2501.0,2625.0,11850,1995
Kern,160521.0,163886.0,163024.0,160480.0,647911,1995
Kings,24700.0,26051.0,25196.0,22128.0,98075,1995
Lake,9953.0,12705.0,13581.0,13123.0,49362,1995
Lassen,3655.0,4726.0,4407.0,4030.0,16818,1995
Los Angeles,2906603.0,2961169.0,2963206.0,2782023.0,11613001,1995
Madera,20775.0,21318.0,22046.0,16390.0,80529,1995
Marin,64316.0,78968.0,75681.0,75814.0,294779,1995
Mariposa,2450.0,3415.0,3755.0,3033.0,12653,1995
Mendocino,10315.0,12052.0,13465.0,11491.0,47323,1995
Merced,46053.0,47322.0,43719.0,42563.0,179657,1995
Modoc,641.0,0.0,0.0,0.0,641,1995
Mono,779.0,1572.0,1000.0,2526.0,5877,1995
Monterey,102823.0,115707.0,115412.0,109801.0,443743,1995
Napa,45849.0,47052.0,14311.0,10050.0,117262,1995
Orange,722348.0,714389.0,671597.0,622569.0,2730903,1995
Placer,57587.0,56914.0,43602.0,42231.0,200334,1995
Plumas,248.0,402.0,511.0,286.0,1447,1995
Riverside,393366.0,372678.0,352448.0,350061.0,1468553,1995
Sacramento,278656.0,297909.0,282916.0,277293.0,1136774,1995
San Benito,7059.0,9066.0,14042.0,14228.0,44395,1995
San Bernardino,343821.0,370845.0,373315.0,371593.0,1459574,1995
San Diego,572311.0,592631.0,589008.0,576947.0,2330897,1995
San Joaquin,171379.0,208390.0,178298.0,188255.0,746322,1995
San Luis Obispo,51714.0,52853.0,55893.0,47967.0,208427,1995
San Mateo,203801.0,218153.0,220155.0,206556.0,848665,1995
Santa Barbara,107125.0,109794.0,110224.0,104211.0,431354,1995
Santa Clara,360911.0,369228.0,378949.0,366307.0,1475395,1995
Santa Cruz,52920.0,57538.0,58948.0,52164.0,221570,1995
Shasta,55405.0,55461.0,54227.0,50327.0,215420,1995
Sierra,498.0,699.0,967.0,632.0,2796,1995
Siskiyou,4204.0,3650.0,5307.0,5708.0,18869,1995
Solano,68139.0,79020.0,78710.0,72191.0,298060,1995
Sonoma,101567.0,97274.0,110604.0,104410.0,413855,1995
Stanislaus,10563.0,22593.0,21332.0,26476.0,80964,1995
Tehama,10670.0,11639.0,13591.0,11261.0,47161,1995
Trinity,1215.0,1457.0,1787.0,1457.0,5916,1995
Tulare,81707.0,83284.0,82747.0,79247.0,326985,1995
Tuolumne,6400.0,7551.0,6797.0,533.0,21281,1995
Ventura,173412.0,177753.0,173462.0,165079.0,689706,1995
Yolo,40274.0,42323.0,42747.0,39235.0,164579,1995
Yuba,31091.0,39322.0,22961.0,32223.0,125597,1995
Alameda,547937.0,557263.0,567518.0,545117.0,2217835,1996
Amador,4563.0,6007.0,3677.0,5024.0,19271,1996
Butte,48886.0,50774.0,52899.0,42895.0,195454,1996
Calaveras,6317.0,7067.0,8731.0,6607.0,28722,1996
Contra Costa,163136.0,196452.0,194268.0,167131.0,720987,1996
Del Norte,2565.0,2777.0,5160.0,4337.0,14839,1996
El Dorado,15702.0,18801.0,19229.0,17261.0,70993,1996
Fresno,165983.0,172012.0,169830.0,175504.0,683329,1996
Glenn,4996.0,5481.0,5945.0,4793.0,21215,1996
Humboldt,23266.0,21604.0,21870.0,20429.0,87169,1996
Imperial,37507.0,40700.0,40208.0,42016.0,160431,1996
Inyo,1938.0,667.0,5185.0,689.0,8479,1996
Kern,162087.0,161847.0,159952.0,159816.0,643702,1996
Kings,23373.0,23980.0,23398.0,22784.0,93535,1996
Lake,10372.0,16223.0,13495.0,10808.0,50898,1996
Lassen,3264.0,3378.0,4038.0,4875.0,15555,1996
Los Angeles,2665807.0,2866898.0,2777039.0,2339018.0,10648762,1996
Madera,14648.0,15370.0,21039.0,20284.0,71341,1996
Marin,58337.0,81430.0,67599.0,60445.0,267811,1996
Mariposa,2497.0,3168.0,3781.0,2668.0,12114,1996
Mendocino,11648.0,19586.0,21285.0,11345.0,63864,1996
Merced,43392.0,44257.0,49277.0,44892.0,181818,1996
Mono,2167.0,6653.0,7807.0,4975.0,21602,1996
Monterey,99677.0,111714.0,115943.0,108660.0,435994,1996
Napa,8762.0,8935.0,9670.0,8857.0,36224,1996
Orange,662035.0,674489.0,758330.0,983035.0,3077889,1996
Placer,40910.0,41590.0,38414.0,37968.0,158882,1996
Plumas,262.0,299.0,341.0,321.0,1223,1996
Riverside,351365.0,354803.0,362139.0,411081.0,1479388,1996
Sacramento,269790.0,285416.0,275836.0,275386.0,1106428,1996
San Benito,14327.0,16459.0,18463.0,21566.0,70815,1996
San Bernardino,338747.0,351002.0,340756.0,349339.0,1379844,1996
San Diego,570263.0,586283.0,633350.0,615876.0,2405772,1996
San Joaquin,155495.0,182004.0,171638.0,167856.0,676993,1996
San Luis Obispo,47931.0,49871.0,52980.0,47869.0,198651,1996
San Mateo,207634.0,244909.0,243414.0,219183.0,915140,1996
Santa Barbara,106893.0,109054.0,110054.0,111870.0,437871,1996
Santa Clara,367195.0,381543.0,379686.0,369678.0,1498102,1996
Santa Cruz,50311.0,50932.0,54746.0,53255.0,209244,1996
Shasta,55155.0,54539.0,47932.0,43474.0,201100,1996
Sierra,504.0,707.0,720.0,460.0,2391,1996
Siskiyou,5501.0,3305.0,5182.0,5300.0,19288,1996
Solano,77539.0,85125.0,83633.0,115804.0,362101,1996
Sonoma,98303.0,116666.0,111944.0,103871.0,430784,1996
Stanislaus,14054.0,33420.0,24355.0,21471.0,93300,1996
Tehama,11492.0,14339.0,13042.0,11005.0,49878,1996
Trinity,1149.0,1529.0,1389.0,893.0,4960,1996
Tulare,75885.0,77766.0,77920.0,74842.0,306413,1996
Tuolumne,71.0,0.0,0.0,5.0,76,1996
Ventura,158862.0,169014.0,164887.0,230302.0,723065,1996
Yolo,38407.0,39974.0,42278.0,37970.0,158629,1996
Yuba,31223.0,35939.0,38625.0,33385.0,139172,1996
Alameda,532049.0,557484.0,580174.0,566774.0,2236481,1997
Amador,5130.0,993.0,1771.0,2723.0,10617,1997
Butte,41559.0,44399.0,49655.0,44800.0,180413,1997
Calaveras,6048.0,6931.0,7238.0,6017.0,26234,1997
Contra Costa,154742.0,168475.0,180805.0,175937.0,679959,1997
Del Norte,4651.0,5112.0,5478.0,4660.0,19901,1997
El Dorado,47.0,1553.0,1846.0,0.0,3446,1997
Fresno,162605.0,169890.0,171973.0,166327.0,670795,1997
Glenn,5293.0,5630.0,5905.0,5018.0,21846,1997
Humboldt,20285.0,21890.0,24978.0,21304.0,88457,1997
Imperial,38388.0,39037.0,42749.0,43961.0,164135,1997
Inyo,3140.0,5389.0,4922.0,3200.0,16651,1997
Kern,153232.0,163690.0,161884.0,149620.0,628426,1997
Kings,22572.0,23256.0,21604.0,21181.0,88613,1997
Lake,10606.0,11104.0,13893.0,11683.0,47286,1997
Lassen,3307.0,3730.0,3652.0,3071.0,13760,1997
Los Angeles,2279345.0,2403507.0,2446545.0,2433901.0,9563298,1997
Madera,19849.0,21501.0,21169.0,20741.0,83260,1997
Marin,61855.0,62867.0,78205.0,74528.0,277455,1997
Mariposa,2527.0,3086.0,3579.0,2542.0,11734,1997
Mendocino,20370.0,22706.0,18973.0,11353.0,73402,1997
Merced,43109.0,48311.0,51306.0,46479.0,189205,1997
Mono,4355.0,6575.0,8308.0,5689.0,24927,1997
Monterey,101713.0,115244.0,118152.0,118143.0,453252,1997
Napa,7834.0,8340.0,11184.0,14575.0,41933,1997
Orange,979187.0,998560.0,1018813.0,1141163.0,4137723,1997
Placer,37137.0,41024.0,42070.0,39221.0,159452,1997
Plumas,0.0,296.0,285.0,311.0,892,1997
Riverside,402006.0,445660.0,398455.0,398633.0,1644754,1997
Sacramento,277432.0,282176.0,266468.0,267115.0,1093191,1997
San Benito,26194.0,31904.0,28838.0,19031.0,105967,1997
San Bernardino,339653.0,376440.0,356810.0,317269.0,1390172,1997
San Diego,612527.0,653712.0,647522.0,629258.0,2543019,1997
San Joaquin,150692.0,174038.0,197463.0,210231.0,732424,1997
San Luis Obispo,47862.0,50734.0,56275.0,49877.0,204748,1997
San Mateo,199314.0,216483.0,235790.0,222887.0,874474,1997
Santa Barbara,104737.0,108109.0,114752.0,106203.0,433801,1997
Santa Clara,362492.0,391683.0,405355.0,394436.0,1553966,1997
Santa Cruz,53712.0,58650.0,60868.0,55830.0,229060,1997
Shasta,42606.0,45645.0,46568.0,41327.0,176146,1997
Sierra,334.0,834.0,908.0,742.0,2818,1997
Siskiyou,6011.0,5660.0,5952.0,4556.0,22179,1997
Solano,117868.0,128286.0,134820.0,126245.0,507219,1997
Sonoma,102809.0,112146.0,117614.0,109977.0,442546,1997
Stanislaus,38540.0,27979.0,44379.0,46107.0,157005,1997
Tehama,10848.0,13751.0,14885.0,11419.0,50903,1997
Trinity,267.0,968.0,1250.0,863.0,3348,1997
Tulare,76522.0,79213.0,78147.0,75420.0,309302,1997
Tuolumne,0.0,0.0,1.0,0.0,1,1997
Ventura,236447.0,240806.0,243365.0,236249.0,956867,1997
Yolo,38808.0,39630.0,48015.0,49620.0,176073,1997
Yuba,48904.0,40133.0,43939.0,37780.0,170756,1997
Alameda,534584.0,580081.0,601363.0,540901.0,2256929,1998
Amador,4386.0,4951.0,2135.0,181.0,11653,1998
Butte,43429.0,45360.0,41859.0,38632.0,169280,1998
Calaveras,5573.0,7245.0,8161.0,6662.0,27641,1998
Contra Costa,165064.0,159142.0,129066.0,148290.0,601562,1998
Del Norte,4594.0,5064.0,4535.0,4819.0,19012,1998
El Dorado,0.0,0.0,255.0,0.0,255,1998
Fresno,167772.0,183459.0,181717.0,176765.0,709713,1998
Glenn,4808.0,5857.0,4804.0,5425.0,20894,1998
Humboldt,19941.0,23456.0,25186.0,17284.0,85867,1998
Imperial,40081.0,38162.0,36900.0,44276.0,159419,1998
Inyo,2897.0,3681.0,4562.0,3631.0,14771,1998
Kern,155207.0,172374.0,171598.0,167430.0,666609,1998
Kings,21943.0,23757.0,25294.0,32524.0,103518,1998
Lake,11464.0,13229.0,14483.0,10987.0,50163,1998
Lassen,3530.0,4091.0,3628.0,3007.0,14256,1998
Los Angeles,2381369.0,2594372.0,2633836.0,2472376.0,10081953,1998
Madera,20780.0,22558.0,21831.0,20652.0,85821,1998
Marin,69195.0,75970.0,82772.0,84864.0,312801,1998
Mariposa,2352.0,2952.0,3857.0,2358.0,11519,1998
Mendocino,9715.0,18617.0,20186.0,11376.0,59894,1998
Merced,47942.0,54528.0,54500.0,51515.0,208485,1998
Mono,4781.0,8510.0,8574.0,6193.0,28058,1998
Monterey,100633.0,126438.0,137703.0,115857.0,480631,1998
Napa,8105.0,8923.0,9613.0,11069.0,37710,1998
Orange,1148431.0,1151785.0,1199748.0,1171002.0,4670966,1998
Placer,40172.0,45316.0,44806.0,44792.0,175086,1998
Plumas,216.0,0.0,366.0,1062.0,1644,1998
Riverside,384185.0,412198.0,402163.0,416729.0,1615275,1998
Sacramento,259399.0,280202.0,290323.0,285898.0,1115822,1998
San Benito,17940.0,24164.0,23649.0,16871.0,82624,1998
San Bernardino,313282.0,326472.0,332128.0,306628.0,1278510,1998
San Diego,597499.0,696518.0,697969.0,661618.0,2653604,1998
San Joaquin,195661.0,255294.0,328274.0,346835.0,1126064,1998
San Luis Obispo,50351.0,58576.0,62979.0,57291.0,229197,1998
San Mateo,215261.0,249258.0,257233.0,231778.0,953530,1998
Santa Barbara,103426.0,114488.0,122102.0,108295.0,448311,1998
Santa Clara,399491.0,412030.0,420756.0,405715.0,1637992,1998
Santa Cruz,53075.0,58070.0,64795.0,60423.0,236363,1998
Shasta,37181.0,43528.0,48528.0,44037.0,173274,1998
Sierra,321.0,780.0,771.0,653.0,2525,1998
Siskiyou,3808.0,4638.0,5267.0,3615.0,17328,1998
Solano,125636.0,147757.0,173806.0,164874.0,612073,1998
Sonoma,100914.0,117886.0,123944.0,112689.0,455433,1998
Stanislaus,43074.0,42734.0,50663.0,46367.0,182838,1998
Tehama,9563.0,11526.0,11580.0,10223.0,42892,1998
Trinity,743.0,1010.0,1471.0,1091.0,4315,1998
Tulare,75577.0,83234.0,78044.0,76270.0,313125,1998
Tuolumne,0.0,0.0,0.0,2.0,2,1998
Ventura,224386.0,242647.0,239312.0,214647.0,920992,1998
Yolo,47836.0,53027.0,56577.0,52589.0,210029,1998
Yuba,33729.0,42294.0,52216.0,48668.0,176907,1998
Alameda,535765.0,561868.0,618146.0,561732.0,2277511,1999
Amador,52.0,61.0,114.0,2481.0,2708,1999
Butte,34550.0,44485.0,49070.0,43640.0,171745,1999
Calaveras,7127.0,7691.0,8368.0,7480.0,30666,1999
Contra Costa,163320.0,172789.0,196935.0,182494.0,715538,1999
Del Norte,4347.0,4456.0,4834.0,4258.0,17895,1999
El Dorado,0.0,0.0,318.0,474.0,792,1999
Fresno,172766.0,184648.0,189285.0,177348.0,724047,1999
Glenn,4608.0,4195.0,4864.0,4480.0,18147,1999
Humboldt,6367.0,7758.0,7951.0,7433.0,29509,1999
Imperial,42824.0,46151.0,45093.0,46541.0,180609,1999
Inyo,2796.0,2670.0,3522.0,3406.0,12394,1999
Kern,169259.0,173450.0,180469.0,198920.0,722098,1999
Kings,20597.0,24728.0,28883.0,35870.0,110078,1999
Lake,10533.0,13375.0,14628.0,13177.0,51713,1999
Lassen,2752.0,3456.0,3882.0,2839.0,12929,1999
Los Angeles,2381961.0,2646347.0,2714682.0,2569801.0,10312791,1999
Madera,19677.0,24831.0,23328.0,21857.0,89693,1999
Marin,89562.0,103376.0,90138.0,94901.0,377977,1999
Mariposa,1534.0,2924.0,3589.0,2599.0,10646,1999
Mendocino,10405.0,18872.0,21603.0,11425.0,62305,1999
Merced,48077.0,55940.0,60103.0,52362.0,216482,1999
Mono,4762.0,8006.0,7863.0,6261.0,26892,1999
Monterey,100316.0,119540.0,125729.0,112656.0,458241,1999
Napa,7814.0,9845.0,10963.0,12956.0,41578,1999
Orange,1071579.0,1172179.0,1170728.0,1086332.0,4500818,1999
Placer,44968.0,48848.0,58883.0,49154.0,201853,1999
Plumas,545.0,437.0,377.0,326.0,1685,1999
Riverside,442522.0,477172.0,488122.0,480202.0,1888018,1999
Sacramento,283124.0,253503.0,199573.0,189536.0,925736,1999
San Benito,25046.0,21491.0,19065.0,15663.0,81265,1999
San Bernardino,239709.0,263478.0,271625.0,256644.0,1031456,1999
San Diego,676407.0,725019.0,732845.0,679800.0,2814071,1999
San Joaquin,279738.0,253071.0,274749.0,281126.0,1088684,1999
San Luis Obispo,54069.0,63046.0,65627.0,58436.0,241178,1999
San Mateo,211977.0,235704.0,246694.0,220857.0,915232,1999
Santa Barbara,103501.0,110015.0,114239.0,104292.0,432047,1999
Santa Clara,372147.0,399723.0,399939.0,389787.0,1561596,1999
Santa Cruz,52566.0,59429.0,63045.0,60429.0,235469,1999
Shasta,40697.0,45929.0,46169.0,47513.0,180308,1999
Sierra,639.0,281.0,822.0,657.0,2399,1999
Siskiyou,3660.0,4434.0,3934.0,4254.0,16282,1999
Solano,115316.0,116456.0,132312.0,135086.0,499170,1999
Sonoma,98832.0,119094.0,127019.0,118085.0,463030,1999
Stanislaus,31695.0,61514.0,50806.0,45704.0,189719,1999
Tehama,9811.0,11084.0,11675.0,10667.0,43237,1999
Trinity,981.0,1166.0,1550.0,1041.0,4738,1999
Tulare,81406.0,83169.0,82542.0,68069.0,315186,1999
Tuolumne,0.0,7.0,0.0,10.0,17,1999
Ventura,180737.0,211673.0,220047.0,209248.0,821705,1999
Yolo,49935.0,48204.0,47184.0,43921.0,189244,1999
Yuba,43946.0,46131.0,51663.0,47446.0,189186,1999
Alameda,549785.0,569466.0,583077.0,561145.0,2263473,2000
Amador,7356.0,8360.0,16553.0,7070.0,39339,2000
Butte,38207.0,42890.0,38910.0,38723.0,158730,2000
Calaveras,7441.0,8732.0,9504.0,8773.0,34450,2000
Contra Costa,188428.0,241774.0,240641.0,234931.0,905774,2000
Del Norte,4543.0,4746.0,4806.0,4398.0,18493,2000
El Dorado,491.0,536.0,435.0,694.0,2156,2000
Fresno,175423.0,175130.0,179510.0,164554.0,694617,2000
Glenn,4494.0,5049.0,5398.0,4685.0,19626,2000
Humboldt,6281.0,5466.0,0.0,0.0,11747,2000
Imperial,45752.0,48157.0,43093.0,47331.0,184333,2000
Inyo,5365.0,4164.0,2978.0,3202.0,15709,2000
Kern,186554.0,182306.0,195879.0,242164.0,806903,2000
Kings,40364.0,43333.0,46286.0,64393.0,194376,2000
Lake,10243.0,12203.0,12856.0,11410.0,46712,2000
Lassen,2702.0,2954.0,3528.0,2253.0,11437,2000
Los Angeles,2531069.0,2680876.0,2643713.0,2552764.0,10408422,2000
Madera,23832.0,25107.0,24262.0,23554.0,96755,2000
Marin,97563.0,95928.0,95847.0,92007.0,381345,2000
Mariposa,2426.0,3502.0,3916.0,2759.0,12603,2000
Mendocino,10883.0,20883.0,20956.0,9260.0,61982,2000
Merced,52240.0,54029.0,55747.0,54852.0,216868,2000
Modoc,0.0,0.0,377.0,0.0,377,2000
Mono,4232.0,7814.0,9427.0,5793.0,27266,2000
Monterey,100745.0,116868.0,124079.0,115964.0,457656,2000
Napa,9033.0,12592.0,13457.0,13012.0,48094,2000
Orange,1100358.0,1270221.0,1213019.0,1164974.0,4748572,2000
Placer,48159.0,51969.0,50071.0,49929.0,200128,2000
Plumas,0.0,323.0,425.0,281.0,1029,2000
Riverside,495780.0,521982.0,503925.0,514892.0,2036579,2000
Sacramento,191244.0,178005.0,168758.0,165653.0,703660,2000
San Benito,14219.0,16422.0,18004.0,15865.0,64510,2000
San Bernardino,253934.0,278288.0,280067.0,257149.0,1069438,2000
San Diego,722236.0,811111.0,848338.0,824370.0,3206055,2000
San Joaquin,260540.0,312555.0,411298.0,423970.0,1408363,2000
San Luis Obispo,58830.0,64773.0,67980.0,62019.0,253602,2000
San Mateo,210748.0,265771.0,261861.0,263883.0,1002263,2000
Santa Barbara,100305.0,110319.0,108269.0,94903.0,413796,2000
Santa Clara,397067.0,381432.0,367519.0,371877.0,1517895,2000
Santa Cruz,57939.0,67395.0,66786.0,61264.0,253384,2000
Shasta,57760.0,53779.0,52376.0,47245.0,211160,2000
Sierra,633.0,518.0,999.0,1411.0,3561,2000
Siskiyou,3257.0,3467.0,4552.0,4019.0,15295,2000
Solano,117527.0,112451.0,103686.0,108073.0,441737,2000
Sonoma,109099.0,129032.0,132688.0,123924.0,494743,2000
Stanislaus,47347.0,41946.0,55250.0,47782.0,192325,2000
Tehama,10574.0,10942.0,12085.0,10851.0,44452,2000
Tulare,65335.0,69717.0,64571.0,61444.0,261067,2000
Tuolumne,0.0,10.0,0.0,9.0,19,2000
Ventura,219678.0,233766.0,237515.0,221274.0,912233,2000
Yolo,42934.0,46460.0,45118.0,44414.0,178926,2000
Yuba,45798.0,49539.0,54099.0,51475.0,200911,2000
Alameda,536020.0,554451.0,557700.0,503857.0,2152028,2001
Amador,8197.0,10345.0,9638.0,8705.0,36885,2001
Butte,35145.0,43617.0,42073.0,39978.0,160813,2001
Calaveras,8007.0,8682.0,10282.0,9273.0,36244,2001
Contra Costa,243712.0,264000.0,278121.0,287659.0,1073492,2001
Del Norte,4221.0,4495.0,5219.0,4606.0,18541,2001
El Dorado,131.0,121.0,207.0,121.0,580,2001
Fresno,155309.0,164126.0,157257.0,152699.0,629391,2001
Glenn,4562.0,4838.0,4773.0,4720.0,18893,2001
Imperial,48462.0,47628.0,39909.0,47023.0,183022,2001
Inyo,5727.0,4361.0,3356.0,3488.0,16932,2001
Kern,274028.0,353802.0,230712.0,228186.0,1086728,2001
Kings,92236.0,106746.0,130711.0,165603.0,495296,2001
Lake,10475.0,12657.0,12663.0,11392.0,47187,2001
Lassen,2541.0,3550.0,4365.0,1947.0,12403,2001
Los Angeles,2487753.0,2689098.0,2590714.0,2366441.0,10134006,2001
Madera,23662.0,25455.0,26853.0,25170.0,101140,2001
Marin,93392.0,93498.0,94843.0,95795.0,377528,2001
Mariposa,2439.0,2814.0,3675.0,2673.0,11601,2001
Mendocino,7389.0,6408.0,6197.0,1080.0,21074,2001
Merced,53974.0,55996.0,58683.0,52486.0,221139,2001
Mono,4118.0,7659.0,12649.0,6525.0,30951,2001
Monterey,96381.0,115569.0,118673.0,108158.0,438781,2001
Napa,10882.0,12405.0,11167.0,11353.0,45807,2001
Orange,1150795.0,1238732.0,1167962.0,1211475.0,4768964,2001
Placer,53169.0,56881.0,54000.0,56283.0,220333,2001
Plumas,0.0,10.0,316.0,254.0,580,2001
Riverside,503901.0,540788.0,528130.0,674247.0,2247066,2001
Sacramento,149509.0,166006.0,153336.0,154690.0,623541,2001
San Benito,15050.0,17071.0,15842.0,14491.0,62454,2001
San Bernardino,260650.0,285412.0,290573.0,279569.0,1116204,2001
San Diego,840195.0,911728.0,940274.0,917181.0,3609378,2001
San Joaquin,372844.0,433545.0,413729.0,450433.0,1670551,2001
San Luis Obispo,59634.0,69201.0,68217.0,70455.0,267507,2001
San Mateo,238467.0,248922.0,247500.0,217648.0,952537,2001
Santa Barbara,91863.0,98328.0,103535.0,97810.0,391536,2001
Santa Clara,362661.0,368347.0,350992.0,326529.0,1408529,2001
Santa Cruz,55920.0,61204.0,63104.0,55971.0,236199,2001
Shasta,51484.0,52779.0,48251.0,52450.0,204964,2001
Sierra,521.0,773.0,790.0,613.0,2697,2001
Siskiyou,3486.0,4303.0,3951.0,3975.0,15715,2001
Solano,138259.0,165640.0,172026.0,181169.0,657094,2001
Sonoma,113642.0,128332.0,129143.0,126873.0,497990,2001
Stanislaus,42401.0,54260.0,55133.0,44354.0,196148,2001
Tehama,10407.0,11029.0,11475.0,11435.0,44346,2001
Tulare,58172.0,58174.0,57338.0,54732.0,228416,2001
Tuolumne,0.0,9.0,0.0,0.0,9,2001
Ventura,223545.0,249250.0,250810.0,249224.0,972829,2001
Yolo,43589.0,45913.0,45251.0,43389.0,178142,2001
Yuba,48846.0,49788.0,52570.0,52689.0,203893,2001
Alameda,488400.0,524314.0,517334.0,505524.0,2035572,2002
Amador,6993.0,9898.0,9253.0,6863.0,33007,2002
Butte,36446.0,45048.0,45593.0,32794.0,159881,2002
Calaveras,8476.0,10243.0,11111.0,9766.0,39596,2002
Contra Costa,246431.0,271213.0,261438.0,268129.0,1047211,2002
Del Norte,4674.0,4712.0,5115.0,4144.0,18645,2002
El Dorado,269.0,233.0,195.0,1180.0,1877,2002
Fresno,145688.0,158204.0,159032.0,154455.0,617379,2002
Glenn,4720.0,5037.0,5287.0,5177.0,20221,2002
Imperial,44983.0,48250.0,50156.0,55208.0,198597,2002
Inyo,3815.0,4759.0,5460.0,4819.0,18853,2002
Kern,203226.0,194749.0,192078.0,199366.0,789419,2002
Kings,91493.0,67728.0,84884.0,114937.0,359042,2002
Lake,11015.0,13375.0,13787.0,10151.0,48328,2002
Lassen,4917.0,5323.0,6187.0,0.0,16427,2002
Los Angeles,2238652.0,2337146.0,2354259.0,2297166.0,9227223,2002
Madera,25503.0,25435.0,26888.0,27349.0,105175,2002
Marin,93634.0,91818.0,93117.0,92071.0,370640,2002
Mariposa,2442.0,3208.0,4059.0,2761.0,12470,2002
Mendocino,0.0,3267.0,4303.0,0.0,7570,2002
Merced,52926.0,62741.0,63063.0,59254.0,237984,2002
Mono,4813.0,7181.0,9004.0,6247.0,27245,2002
Monterey,99629.0,108651.0,117606.0,112803.0,438689,2002
Napa,10002.0,11751.0,12142.0,12343.0,46238,2002
Orange,1129131.0,1202662.0,1272664.0,1220950.0,4825407,2002
Placer,53974.0,58803.0,55962.0,58134.0,226873,2002
Plumas,208.0,238.0,308.0,214.0,968,2002
Riverside,667433.0,728874.0,784785.0,819149.0,3000241,2002
Sacramento,148880.0,183982.0,194770.0,192068.0,719700,2002
San Benito,12386.0,15725.0,17961.0,14738.0,60810,2002
San Bernardino,270757.0,372725.0,375285.0,14626.0,1033393,2002
San Diego,862341.0,915331.0,964904.0,906085.0,3648661,2002
San Joaquin,475074.0,485080.0,496063.0,538189.0,1994406,2002
San Luis Obispo,65449.0,72160.0,78018.0,70707.0,286334,2002
San Mateo,203902.0,224729.0,226967.0,201459.0,857057,2002
Santa Barbara,92755.0,98157.0,102651.0,44497.0,338060,2002
Santa Clara,294384.0,331345.0,321305.0,321775.0,1268809,2002
Santa Cruz,52387.0,59535.0,60785.0,55645.0,228352,2002
Shasta,48436.0,52683.0,56761.0,54333.0,212213,2002
Sierra,445.0,776.0,664.0,498.0,2383,2002
Siskiyou,2619.0,3642.0,4862.0,3531.0,14654,2002
Solano,177041.0,193681.0,212200.0,203378.0,786300,2002
Sonoma,113835.0,128963.0,128881.0,119151.0,490830,2002
Stanislaus,45553.0,58798.0,55730.0,46668.0,206749,2002
Tehama,10538.0,12208.0,12641.0,13146.0,48533,2002
Tulare,54786.0,60014.0,60279.0,56307.0,231386,2002
Ventura,253953.0,275250.0,288482.0,274776.0,1092461,2002
Yolo,41418.0,45818.0,47395.0,44666.0,179297,2002
Yuba,47122.0,48696.0,48728.0,53465.0,198011,2002
Alameda,477048.0,490792.0,526360.0,505826.0,2000026,2003
Amador,5798.0,6984.0,6964.0,6543.0,26289,2003
Butte,37764.0,47832.0,50842.0,44150.0,180588,2003
Calaveras,9401.0,10978.0,11945.0,11915.0,44239,2003
Colusa,0.0,0.0,233.0,0.0,233,2003
Contra Costa,252933.0,270231.0,285539.0,289282.0,1097985,2003
Del Norte,4523.0,5065.0,5634.0,5102.0,20324,2003
El Dorado,306.0,356.0,453.0,282.0,1397,2003
Fresno,145341.0,156011.0,148469.0,148157.0,597978,2003
Glenn,5022.0,5600.0,5692.0,0.0,16314,2003
Imperial,55399.0,55955.0,58644.0,59249.0,229247,2003
Inyo,4372.0,3909.0,3048.0,3601.0,14930,2003
Kern,209177.0,221530.0,267828.0,239801.0,938336,2003
Kings,133874.0,181525.0,286844.0,121902.0,724145,2003
Lake,10606.0,11682.0,12401.0,11044.0,45733,2003
Lassen,5465.0,6200.0,6821.0,5514.0,24000,2003
Los Angeles,2264182.0,2410973.0,2416702.0,2348959.0,9440816,2003
Madera,25938.0,29662.0,28520.0,29335.0,113455,2003
Marin,86898.0,91456.0,90042.0,91122.0,359518,2003
Mariposa,2608.0,2209.0,2859.0,2645.0,10321,2003
Merced,61749.0,64361.0,65031.0,62906.0,254047,2003
Mono,5357.0,8543.0,9547.0,6399.0,29846,2003
Monterey,98215.0,111280.0,117539.0,118254.0,445288,2003
Napa,11162.0,12418.0,11887.0,11531.0,46998,2003
Orange,1186852.0,1278332.0,1324763.0,1248768.0,5038715,2003
Placer,59175.0,63782.0,63976.0,63518.0,250451,2003
Plumas,0.0,345.0,100.0,0.0,445,2003
Riverside,807663.0,862201.0,864879.0,852915.0,3387658,2003
Sacramento,193613.0,224053.0,225823.0,226213.0,869702,2003
San Benito,11898.0,15104.0,14843.0,12913.0,54758,2003
San Bernardino,381817.0,414740.0,424626.0,404180.0,1625363,2003
San Diego,908896.0,966541.0,994466.0,967837.0,3837740,2003
San Joaquin,404878.0,494865.0,477993.0,498717.0,1876453,2003
San Luis Obispo,71126.0,77346.0,80491.0,73349.0,302312,2003
San Mateo,192561.0,196847.0,207058.0,192785.0,789251,2003
Santa Barbara,99178.0,102930.0,111867.0,100895.0,414870,2003
Santa Clara,316680.0,323015.0,320798.0,304233.0,1264726,2003
Santa Cruz,56735.0,60068.0,62810.0,57148.0,236761,2003
Shasta,56623.0,68687.0,66804.0,67263.0,259377,2003
Sierra,611.0,813.0,833.0,551.0,2808,2003
Siskiyou,3769.0,3021.0,3972.0,2241.0,13003,2003
Solano,199926.0,219214.0,215038.0,216741.0,850919,2003
Sonoma,120434.0,124710.0,125273.0,115703.0,486120,2003
Stanislaus,49099.0,58181.0,55444.0,48916.0,211640,2003
Tehama,12166.0,13306.0,13356.0,12622.0,51450,2003
Tulare,58791.0,66445.0,66480.0,58228.0,249944,2003
Ventura,259042.0,275135.0,293767.0,279211.0,1107155,2003
Yolo,44421.0,47684.0,52131.0,47654.0,191890,2003
Yuba,60384.0,60777.0,60834.0,57990.0,239985,2003
,,49066.0,46488.0,46279.0,141833,2004
Alameda,503578.0,511554.0,527554.0,513264.0,2055950,2004
Amador,0.0,0.0,0.0,0.0,0,2004
Butte,43570.0,48139.0,51835.0,44736.0,188280,2004
Calaveras,10797.0,12642.0,12469.0,11918.0,47826,2004
Colusa,0.0,0.0,0.0,0.0,0,2004
Contra Costa,256255.0,277381.0,303789.0,289701.0,1127126,2004
Del Norte,5901.0,5312.0,6103.0,5256.0,22572,2004
El Dorado,314.0,401.0,379.0,384.0,1478,2004
Fresno,141285.0,133810.0,137888.0,246904.0,659887,2004
Glenn,11270.0,5565.0,5097.0,5680.0,27612,2004
Humboldt,0.0,0.0,0.0,0.0,0,2004
Imperial,58326.0,57302.0,63468.0,63073.0,242169,2004
Inyo,7655.0,3293.0,3172.0,3763.0,17883,2004
Kern,219617.0,255299.0,304448.0,254362.0,1033726,2004
Kings,132445.0,153240.0,205088.0,213473.0,704246,2004
Lake,10827.0,11795.0,12972.0,11714.0,47308,2004
Lassen,9935.0,6725.0,6880.0,5712.0,29252,2004
Los Angeles,2272963.0,2317667.0,2384189.0,2385872.0,9360691,2004
Madera,28569.0,28903.0,30989.0,31881.0,120342,2004
Marin,88624.0,85275.0,88102.0,87814.0,349815,2004
Mariposa,2132.0,3505.0,3582.0,2112.0,11331,2004
Mendocino,0.0,0.0,0.0,0.0,0,2004
Merced,66292.0,71353.0,67547.0,69396.0,274588,2004
Modoc,0.0,0.0,0.0,0.0,0,2004
Mono,5225.0,7892.0,9001.0,5737.0,27855,2004
Monterey,114425.0,128917.0,141670.0,132708.0,517720,2004
Napa,11141.0,12431.0,12607.0,13027.0,49206,2004
Orange,1930643.0,1315939.0,1296171.0,1265858.0,5808611,2004
Placer,65342.0,65309.0,63242.0,64054.0,257947,2004
Plumas,0.0,150.0,20.0,0.0,170,2004
Riverside,857217.0,919799.0,942745.0,920599.0,3640360,2004
Sacramento,241837.0,259698.0,239759.0,226516.0,967810,2004
San Benito,13263.0,15159.0,15055.0,12751.0,56228,2004
San Bernardino,417038.0,465600.0,469899.0,514961.0,1867498,2004
San Diego,942317.0,988528.0,996467.0,971833.0,3899145,2004
San Joaquin,430428.0,459810.0,484554.0,457793.0,1832585,2004
San Luis Obispo,72928.0,79425.0,80259.0,73259.0,305871,2004
San Mateo,185071.0,196147.0,199873.0,192308.0,773399,2004
Santa Barbara,99873.0,107520.0,114168.0,100353.0,421914,2004
Santa Clara,299719.0,303338.0,306559.0,291616.0,1201232,2004
Santa Cruz,53699.0,59190.0,63322.0,58572.0,234783,2004
Shasta,70203.0,74899.0,76734.0,76066.0,297902,2004
Sierra,411.0,-268.0,868.0,621.0,1632,2004
Siskiyou,2087.0,795.0,2924.0,2448.0,8254,2004
Solano,221986.0,275020.0,283443.0,272666.0,1053115,2004
Sonoma,107344.0,89089.0,77602.0,68303.0,342338,2004
Stanislaus,49803.0,59070.0,54734.0,57226.0,220833,2004
Tehama,12999.0,13568.0,13092.0,12783.0,52442,2004
Trinity,0.0,0.0,0.0,0.0,0,2004
Tulare,55560.0,58597.0,58479.0,56938.0,229574,2004
Ventura,290321.0,308732.0,319080.0,296210.0,1214343,2004
Yolo,47708.0,49222.0,53193.0,50987.0,201110,2004
Yuba,59259.0,57973.0,59991.0,62562.0,239785,2004
Alameda,504320.0,520943.0,529966.0,509083.0,2064312,2005
Butte,38992.0,44915.0,56709.0,42412.0,183028,2005
Calaveras,11419.0,13295.0,14152.0,13098.0,51964,2005
Colusa,0.0,0.0,0.0,0.0,0,2005
Contra Costa,285660.0,308280.0,345276.0,336878.0,1276094,2005
Del Norte,4977.0,,,0.0,4977,2005
El Dorado,292.0,355.0,319.0,132.0,1098,2005
Fresno,148671.0,152637.0,166690.0,159731.0,627729,2005
Glenn,5826.0,5912.0,5994.0,5578.0,23310,2005
Humboldt,0.0,0.0,0.0,0.0,0,2005
Imperial,64711.0,68631.0,67736.0,70909.0,271987,2005
Inyo,4755.0,6813.0,6367.0,4084.0,22019,2005
Kern,253019.0,258514.0,271330.0,263723.0,1046586,2005
Kings,137651.0,149886.0,132621.0,155140.0,575298,2005
Lake,10833.0,12561.0,13556.0,11507.0,48457,2005
Lassen,4743.0,6730.0,6997.0,5715.0,24185,2005
Los Angeles,2365819.0,2449492.0,2546497.0,2490597.0,9852405,2005
Madera,30706.0,35533.0,36192.0,34615.0,137046,2005
Marin,80282.0,87802.0,84922.0,85528.0,338534,2005
Mariposa,2534.0,4266.0,4637.0,3740.0,15177,2005
Mendocino,0.0,0.0,0.0,0.0,0,2005
Merced,70810.0,76984.0,79203.0,75253.0,302250,2005
Modoc,0.0,0.0,0.0,0.0,0,2005
Mono,5275.0,7758.0,13170.0,8519.0,34722,2005
Monterey,123668.0,148112.0,153259.0,143453.0,568492,2005
Napa,10134.0,11057.0,12598.0,10459.0,44248,2005
Orange,1282636.0,1343862.0,1324882.0,1250769.0,5202149,2005
Placer,62603.0,69055.0,68537.0,69107.0,269302,2005
Plumas,0.0,0.0,24.0,74.0,98,2005
Riverside,904757.0,979261.0,953294.0,903724.0,3741036,2005
Sacramento,225414.0,254139.0,260795.0,247004.0,987352,2005
San Benito,15264.0,21111.0,20989.0,19618.0,76982,2005
San Bernardino,461935.0,502686.0,492380.0,462997.0,1919998,2005
San Diego,998280.0,1052231.0,1063772.0,959271.0,4073554,2005
San Joaquin,447245.0,498865.0,519295.0,494522.0,1959927,2005
San Luis Obispo,71281.0,83119.0,75486.0,72276.0,302162,2005
San Mateo,181603.0,203988.0,7100.0,3940.0,396631,2005
Santa Barbara,102974.0,110258.0,113479.0,102470.0,429181,2005
Santa Clara,288549.0,312556.0,303564.0,290385.0,1195054,2005
Santa Cruz,54889.0,60729.0,61311.0,52832.0,229761,2005
Shasta,75953.0,79117.0,77438.0,74500.0,307008,2005
Sierra,383.0,997.0,1314.0,854.0,3548,2005
Siskiyou,2052.0,3591.0,4046.0,4142.0,13831,2005
Solano,274037.0,268762.0,264037.0,247985.0,1054821,2005
Sonoma,54321.0,72399.0,60055.0,,186775,2005
Stanislaus,55339.0,55993.0,62067.0,47370.0,220769,2005
Tehama,13538.0,14710.0,13978.0,13358.0,55584,2005
Trinity,0.0,0.0,0.0,0.0,0,2005
Tulare,57663.0,67040.0,69001.0,61718.0,255422,2005
Ventura,319330.0,327656.0,326808.0,307493.0,1281287,2005
Yolo,50261.0,55238.0,57358.0,50781.0,213638,2005
Yuba,62406.0,66363.0,66476.0,73265.0,268510,2005
Alameda,540282.0,553755.0,562546.0,561669.0,2218252,2006
Amador,,,0.0,0.0,0,2006
Butte,37604.0,43541.0,51472.0,37096.0,169713,2006
Calaveras,11454.0,13081.0,13379.0,11099.0,49013,2006
Colusa,0.0,0.0,0.0,0.0,0,2006
Contra Costa,296241.0,332163.0,341963.0,215225.0,1185592,2006
El Dorado,299.0,0.0,0.0,678.0,977,2006
Fresno,151552.0,162214.0,151271.0,147242.0,612279,2006
Glenn,5453.0,5727.0,5929.0,5546.0,22655,2006
Humboldt,0.0,0.0,0.0,0.0,0,2006
Imperial,75053.0,71642.0,64165.0,65186.0,276046,2006
Inyo,4481.0,7117.0,1660.0,5116.0,18374,2006
Kern,274638.0,280624.0,332450.0,269414.0,1157126,2006
Kings,137013.0,142861.0,159130.0,164508.0,603512,2006
Lake,12104.0,14577.0,14608.0,12736.0,54025,2006
Lassen,5220.0,6579.0,7590.0,5845.0,25234,2006
Los Angeles,2416827.0,2598360.0,2589174.0,2440545.0,10044906,2006
Madera,36030.0,39180.0,38236.0,35932.0,149378,2006
Marin,90057.0,94236.0,93235.0,87036.0,364564,2006
Mariposa,2758.0,4347.0,4596.0,3669.0,15370,2006
Mendocino,0.0,0.0,0.0,0.0,0,2006
Merced,77202.0,76323.0,70992.0,68231.0,292748,2006
Modoc,0.0,0.0,0.0,0.0,0,2006
Mono,,,12492.0,9392.0,21884,2006
Monterey,127780.0,142697.0,141542.0,133025.0,545044,2006
Napa,10500.0,7946.0,8878.0,10507.0,37831,2006
Orange,1177798.0,1305376.0,1241649.0,1152432.0,4877255,2006
Placer,69715.0,75275.0,70650.0,67401.0,283041,2006
Plumas,0.0,84.0,0.0,0.0,84,2006
Riverside,864523.0,930442.0,900398.0,823046.0,3518409,2006
Sacramento,214618.0,241324.0,244646.0,226411.0,926999,2006
San Benito,25302.0,22705.0,22980.0,18617.0,89604,2006
San Bernardino,457769.0,493931.0,469283.0,441743.0,1862726,2006
San Diego,935417.0,1019337.0,1012116.0,896225.0,3863095,2006
San Joaquin,460798.0,484471.0,484542.0,460331.0,1890142,2006
San Luis Obispo,69578.0,75859.0,75372.0,70007.0,290816,2006
San Mateo,188083.0,187814.0,192697.0,179686.0,748280,2006
Santa Barbara,93466.0,100380.0,101660.0,94353.0,389859,2006
Santa Clara,295736.0,320877.0,311687.0,288207.0,1216507,2006
Santa Cruz,53655.0,53411.0,57803.0,49554.0,214423,2006
Shasta,80213.0,79565.0,76827.0,70559.0,307164,2006
Sierra,219.0,958.0,1337.0,945.0,3459,2006
Siskiyou,3789.0,4632.0,4883.0,4303.0,17607,2006
Solano,252790.0,272049.0,262944.0,292338.0,1080121,2006
Sonoma,0.0,0.0,0.0,0.0,0,2006
Stanislaus,50360.0,71855.0,66279.0,55780.0,244274,2006
Tehama,13830.0,14660.0,12752.0,13402.0,54644,2006
Trinity,0.0,0.0,0.0,0.0,0,2006
Tulare,60563.0,66564.0,64760.0,60968.0,252855,2006
Tuolumne,0.0,0.0,0.0,0.0,0,2006
Ventura,289060.0,307934.0,297421.0,276548.0,1170963,2006
Yolo,48211.0,49984.0,50537.0,46970.0,195702,2006
Yuba,70170.0,71124.0,62408.0,66318.0,270020,2006
Alameda,550851.0,525978.0,525326.0,488117.0,2090272,2007
Amador,0.0,0.0,0.0,0.0,0,2007
Butte,39812.0,48330.0,48398.0,38336.0,174876,2007
Calaveras,10989.0,12356.0,12666.0,11285.0,47296,2007
Colusa,0.0,0.0,200.0,0.0,200,2007
Contra Costa,191881.0,218023.0,205328.0,199233.0,814465,2007
El Dorado,384.0,0.0,421.0,0.0,805,2007
Fresno,200368.0,247053.0,218719.0,204363.0,870503,2007
Glenn,5216.0,5156.0,5281.0,4784.0,20437,2007
Humboldt,0.0,0.0,0.0,0.0,0,2007
Imperial,69149.0,65609.0,62348.0,68293.0,265399,2007
Inyo,3161.0,6051.0,3702.0,5153.0,18067,2007
Kern,241991.0,268590.0,264433.0,247237.0,1022251,2007
Kings,132949.0,150475.0,176224.0,172705.0,632353,2007
Lake,12094.0,13542.0,13936.0,12202.0,51774,2007
Lassen,5096.0,5439.0,5831.0,5331.0,21697,2007
Los Angeles,2312006.0,2324510.0,2313899.0,2211293.0,9161708,2007
Madera,32742.0,33533.0,32550.0,31313.0,130138,2007
Marin,83764.0,87390.0,90704.0,90801.0,352659,2007
Mariposa,2248.0,4415.0,4121.0,3071.0,13855,2007
Mendocino,0.0,0.0,0.0,0.0,0,2007
Merced,62260.0,63095.0,64015.0,59423.0,248793,2007
Modoc,0.0,0.0,0.0,0.0,0,2007
Mono,6576.0,10259.0,10304.0,6674.0,33813,2007
Monterey,119732.0,133706.0,137744.0,133462.0,524644,2007
Napa,9377.0,9810.0,10403.0,9321.0,38911,2007
Orange,1144798.0,1166726.0,1137591.0,1070153.0,4519268,2007
Placer,63248.0,64965.0,63289.0,60891.0,252393,2007
Plumas,0.0,0.0,0.0,0.0,0,2007
Riverside,845803.0,894366.0,858673.0,852031.0,3450873,2007
Sacramento,209132.0,247551.0,236651.0,212689.0,906023,2007
San Benito,20160.0,24709.0,24451.0,20813.0,90133,2007
San Bernardino,424530.0,451464.0,439246.0,406825.0,1722065,2007
San Diego,905666.0,939624.0,929020.0,920122.0,3694432,2007
San Joaquin,434833.0,461303.0,443037.0,443807.0,1782980,2007
San Luis Obispo,68203.0,72271.0,72857.0,66232.0,279563,2007
San Mateo,170536.0,176979.0,180195.0,167970.0,695680,2007
Santa Barbara,91001.0,96564.0,99419.0,89731.0,376715,2007
Santa Clara,281690.0,287996.0,281702.0,264565.0,1115953,2007
Santa Cruz,46660.0,45379.0,45265.0,42191.0,179495,2007
Shasta,65412.0,71591.0,78812.0,75640.0,291455,2007
Sierra,704.0,1029.0,1283.0,910.0,3926,2007
Siskiyou,3829.0,4599.0,324.0,0.0,8752,2007
Solano,284785.0,300211.0,308640.0,281342.0,1174978,2007
Sonoma,0.0,0.0,0.0,0.0,0,2007
Stanislaus,53810.0,58626.0,59492.0,57261.0,229189,2007
Tehama,11933.0,12046.0,11462.0,12267.0,47708,2007
Trinity,0.0,0.0,0.0,0.0,0,2007
Tulare,66686.0,70842.0,60991.0,51379.0,249898,2007
Tuolumne,0.0,0.0,0.0,0.0,0,2007
Ventura,274141.0,299461.0,288978.0,288286.0,1150866,2007
Yolo,45427.0,52012.0,48460.0,45590.0,191489,2007
Yuba,63588.0,62974.0,65075.0,74536.0,266173,2007
Alameda,452081.0,466666.0,446227.0,425782.0,1790756,2008
Amador,0.0,0.0,0.0,0.0,0,2008
Butte,39874.0,39465.0,39765.0,38437.0,157541,2008
Calaveras,10092.0,10406.0,10446.0,8375.0,39319,2008
Colusa,0.0,0.0,0.0,0.0,0,2008
Contra Costa,190046.0,204939.0,204744.0,189890.0,789619,2008
El Dorado,318.0,275.0,848.0,0.0,1441,2008
Fresno,208426.0,159732.0,106894.0,103237.0,578289,2008
Glenn,5264.0,5284.0,5579.0,4985.0,21112,2008
Humboldt,0.0,0.0,0.0,0.0,0,2008
Imperial,63114.0,59346.0,59791.0,55623.0,237874,2008
Inyo,3284.0,4632.0,3162.0,4889.0,15967,2008
Kern,258932.0,255481.0,228482.0,247413.0,990308,2008
Kings,210648.0,177532.0,210514.0,183154.0,781848,2008
Lake,11501.0,12065.0,12897.0,10734.0,47197,2008
Lassen,4825.0,5971.0,6118.0,5143.0,22057,2008
Los Angeles,2132687.0,2115593.0,2049842.0,1851307.0,8149429,2008
Madera,30594.0,30984.0,30381.0,28580.0,120539,2008
Marin,84716.0,83818.0,85555.0,82208.0,336297,2008
Mariposa,2742.0,3318.0,3900.0,2165.0,12125,2008
Mendocino,0.0,0.0,0.0,0.0,0,2008
Merced,59981.0,57977.0,56865.0,54545.0,229368,2008
Modoc,0.0,0.0,0.0,0.0,0,2008
Mono,4965.0,7346.0,10306.0,5662.0,28279,2008
Monterey,118478.0,128491.0,132463.0,123986.0,503418,2008
Napa,8686.0,8712.0,10357.0,7410.0,35165,2008
Orange,995860.0,1003421.0,1024332.0,987075.0,4010688,2008
Placer,57626.0,57327.0,58386.0,55362.0,228701,2008
Plumas,0.0,0.0,10.0,0.0,10,2008
Riverside,851914.0,824624.0,801190.0,759339.0,3237067,2008
Sacramento,206095.0,217931.0,200077.0,179240.0,803343,2008
San Benito,24897.0,25766.0,24077.0,18371.0,93111,2008
San Bernardino,423713.0,426388.0,355748.0,331657.0,1537506,2008
San Diego,896765.0,853949.0,827441.0,777451.0,3355606,2008
San Joaquin,430057.0,394398.0,387782.0,385637.0,1597874,2008
San Luis Obispo,63358.0,67430.0,69108.0,59138.0,259034,2008
San Mateo,159445.0,159761.0,162833.0,161829.0,643868,2008
Santa Barbara,92743.0,90198.0,93193.0,93563.0,369697,2008
Santa Clara,258678.0,283504.0,252720.0,239895.0,1034797,2008
Santa Cruz,37020.0,33762.0,39451.0,30172.0,140405,2008
Shasta,71458.0,69387.0,70922.0,67828.0,279595,2008
Sierra,-201.0,862.0,1196.0,701.0,2558,2008
Siskiyou,0.0,0.0,0.0,0.0,0,2008
Solano,274254.0,279103.0,291599.0,275267.0,1120223,2008
Sonoma,0.0,0.0,0.0,0.0,0,2008
Stanislaus,66138.0,62788.0,67612.0,49080.0,245618,2008
Tehama,11289.0,11557.0,11750.0,10131.0,44727,2008
Trinity,0.0,0.0,0.0,0.0,0,2008
Tulare,49061.0,53924.0,47878.0,44834.0,195697,2008
Tuolumne,0.0,0.0,0.0,0.0,0,2008
Ventura,280959.0,272608.0,274956.0,272297.0,1100820,2008
Yolo,45550.0,46618.0,52558.0,51334.0,196060,2008
Yuba,65657.0,64943.0,65004.0,55902.0,251506,2008
Alameda,392671.0,398730.0,392908.0,373945.0,1558254,2009
Amador,0.0,0.0,0.0,0.0,0,2009
Butte,31997.0,33782.0,39223.0,34124.0,139126,2009
Calaveras,7940.0,9001.0,9037.0,8311.0,34289,2009
Colusa,0.0,0.0,0.0,0.0,0,2009
Contra Costa,196070.0,200775.0,209381.0,214252.0,820478,2009
El Dorado,0.0,349.0,371.0,0.0,720,2009
Fresno,99602.0,105176.0,104285.0,110056.0,419119,2009
Glenn,4411.0,4672.0,4598.0,4536.0,18217,2009
Humboldt,0.0,0.0,0.0,0.0,0,2009
Imperial,56276.0,60926.0,55565.0,58374.0,231141,2009
Inyo,3185.0,4546.0,2231.0,6232.0,16194,2009
Kern,215263.0,222643.0,215775.0,209801.0,863482,2009
Kings,191522.0,162520.0,141662.0,156474.0,652178,2009
Lake,9997.0,10675.0,11064.0,9668.0,41404,2009
Lassen,4476.0,5526.0,5674.0,4851.0,20527,2009
Los Angeles,1677102.0,1806012.0,1757992.0,1730505.0,6971611,2009
Madera,26771.0,28635.0,28369.0,27011.0,110786,2009
Marin,75309.0,85503.0,80521.0,89850.0,331183,2009
Mariposa,2021.0,3083.0,3292.0,2494.0,10890,2009
Mendocino,0.0,0.0,0.0,0.0,0,2009
Merced,51603.0,52174.0,52582.0,49557.0,205916,2009
Modoc,0.0,0.0,0.0,0.0,0,2009
Mono,3635.0,6942.0,7411.0,4361.0,22349,2009
Monterey,107264.0,114977.0,118295.0,109428.0,449964,2009
Napa,7401.0,7068.0,5293.0,6275.0,26037,2009
Orange,940918.0,924095.0,904638.0,854112.0,3623763,2009
Placer,52750.0,54088.0,50897.0,52466.0,210201,2009
Plumas,0.0,13.0,0.0,40.0,53,2009
Riverside,721538.0,744106.0,712118.0,713037.0,2890799,2009
Sacramento,152888.0,166035.0,155610.0,152185.0,626718,2009
San Benito,19746.0,27413.0,25663.0,17208.0,90030,2009
San Bernardino,313560.0,324947.0,314270.0,305145.0,1257922,2009
San Diego,748783.0,796540.0,740724.0,705573.0,2991620,2009
San Joaquin,339941.0,329961.0,333704.0,336076.0,1339682,2009
San Luis Obispo,54822.0,58830.0,58401.0,55581.0,227634,2009
San Mateo,134901.0,140004.0,148818.0,141474.0,565197,2009
Santa Barbara,80997.0,85148.0,83655.0,80102.0,329902,2009
Santa Clara,227263.0,229905.0,228420.0,220901.0,906489,2009
Santa Cruz,31157.0,32884.0,35709.0,34135.0,133885,2009
Shasta,64073.0,63609.0,64725.0,71574.0,263981,2009
Sierra,563.0,892.0,66.0,573.0,2094,2009
Siskiyou,0.0,0.0,0.0,0.0,0,2009
Solano,214350.0,200218.0,207489.0,191462.0,813519,2009
Sonoma,0.0,0.0,0.0,0.0,0,2009
Stanislaus,46973.0,47077.0,43622.0,36395.0,174067,2009
Tehama,9982.0,10181.0,10986.0,10794.0,41943,2009
Trinity,0.0,0.0,0.0,0.0,0,2009
Tulare,45302.0,47031.0,42338.0,44439.0,179110,2009
Tuolumne,0.0,0.0,0.0,0.0,0,2009
Ventura,257182.0,264719.0,271409.0,257389.0,1050699,2009
Yolo,49968.0,53791.0,55085.0,53719.0,212563,2009
Yuba,55134.0,62960.0,60863.0,57883.0,236840,2009
Alameda,352310.0,366722.0,382617.0,362152.0,1463801,2010
Amador,0.0,0.0,0.0,,0,2010
Butte,30377.0,34765.0,36502.0,35301.0,136945,2010
Calaveras,8791.0,9187.0,9317.0,8743.0,36038,2010
Colusa,0.0,0.0,0.0,0.0,0,2010
Contra Costa,204014.0,211557.0,196786.0,169212.0,781569,2010
El Dorado,378.0,176.0,395.0,388.0,1337,2010
Fresno,104721.0,110206.0,100960.0,114998.0,430885,2010
Glenn,4372.0,4730.0,5038.0,4912.0,19052,2010
Humboldt,0.0,0.0,0.0,0.0,0,2010
Imperial,54342.0,64645.0,53029.0,52724.0,224740,2010
Inyo,5358.0,6335.0,6375.0,6235.0,24303,2010
Kern,226923.0,229624.0,232330.0,235637.0,924514,2010
Kings,141875.0,140151.0,140475.0,131679.0,554180,2010
Lake,9788.0,11283.0,10741.0,9086.0,40898,2010
Lassen,4772.0,5437.0,5491.0,4566.0,20266,2010
Los Angeles,1670342.0,1615767.0,1627530.0,1603099.0,6516738,2010
Madera,26728.0,28279.0,27227.0,26025.0,108259,2010
Marin,83127.0,85575.0,75216.0,49031.0,292949,2010
Mariposa,2209.0,3035.0,3621.0,2684.0,11549,2010
Mendocino,0.0,0.0,0.0,0.0,0,2010
Merced,53065.0,69410.0,66362.0,62237.0,251074,2010
Modoc,0.0,0.0,0.0,0.0,0,2010
Mono,3582.0,4911.0,7642.0,4931.0,21066,2010
Monterey,101675.0,114883.0,125198.0,134572.0,476328,2010
Napa,6538.0,7104.0,7089.0,8541.0,29272,2010
Orange,857228.0,886372.0,886269.0,892256.0,3522125,2010
Placer,50467.0,51785.0,50855.0,55044.0,208151,2010
Plumas,0.0,0.0,0.0,0.0,0,2010
Riverside,726943.0,767511.0,783727.0,811402.0,3089583,2010
Sacramento,137526.0,142203.0,152294.0,156147.0,588170,2010
San Benito,24091.0,29263.0,22664.0,15371.0,91389,2010
San Bernardino,307039.0,332387.0,315510.0,300791.0,1255727,2010
San Diego,708301.0,734464.0,704752.0,667391.0,2814908,2010
San Joaquin,313552.0,325393.0,315689.0,311265.0,1265899,2010
San Luis Obispo,58195.0,60579.0,62184.0,58048.0,239006,2010
San Mateo,129447.0,135272.0,134040.0,125220.0,523979,2010
Santa Barbara,77748.0,78924.0,77846.0,75916.0,310434,2010
Santa Clara,223174.0,227071.0,220962.0,218075.0,889282,2010
Santa Cruz,31358.0,35816.0,36585.0,34187.0,137946,2010
Shasta,67224.0,65156.0,64607.0,63769.0,260756,2010
Sierra,378.0,660.0,1028.0,493.0,2559,2010
Siskiyou,0.0,0.0,0.0,0.0,0,2010
Solano,187971.0,217452.0,231453.0,216045.0,852921,2010
Sonoma,0.0,0.0,9884.0,35730.0,45614,2010
Stanislaus,35087.0,42497.0,35217.0,37345.0,150146,2010
Tehama,9800.0,10709.0,10642.0,10703.0,41854,2010
Trinity,0.0,0.0,0.0,0.0,0,2010
Tulare,40966.0,45828.0,48689.0,47136.0,182619,2010
Tuolumne,0.0,0.0,0.0,0.0,0,2010
Ventura,254655.0,100924.0,261827.0,261062.0,878468,2010
Yolo,51327.0,51730.0,47625.0,48623.0,199305,2010
Yuba,61762.0,59808.0,61846.0,57745.0,241161,2010
Alameda,339620.0,358679.0,362747.0,352796.0,1413842,2011
Butte,31105.0,37951.0,38786.0,34574.0,142416,2011
Calaveras,8123.0,8758.0,9297.0,8311.0,34489,2011
Colusa,0.0,0.0,0.0,0.0,0,2011
Contra Costa,173483.0,176672.0,191533.0,179391.0,721079,2011
El Dorado,0.0,426.0,432.0,397.0,1255,2011
Fresno,106871.0,109910.0,113478.0,118170.0,448429,2011
Glenn,4479.0,4755.0,4878.0,4401.0,18513,2011
Humboldt,0.0,0.0,0.0,0.0,0,2011
Imperial,55140.0,59447.0,54218.0,46239.0,215044,2011
Inyo,6370.0,7171.0,5846.0,5912.0,25299,2011
Kern,228975.0,225427.0,231493.0,232788.0,918683,2011
Kings,136255.0,131884.0,124821.0,116860.0,509820,2011
Lake,9551.0,10845.0,10542.0,9628.0,40566,2011
Lassen,4117.0,5348.0,5275.0,4684.0,19424,2011
Los Angeles,1620640.0,1629668.0,1595971.0,1580633.0,6426912,2011
Madera,25027.0,26646.0,27067.0,25659.0,104399,2011
Marin,47221.0,52020.0,50842.0,48991.0,199074,2011
Mariposa,2391.0,3202.0,3954.0,2419.0,11966,2011
Mendocino,0.0,0.0,0.0,0.0,0,2011
Merced,59129.0,62886.0,63718.0,57334.0,243067,2011
Modoc,0.0,0.0,0.0,0.0,0,2011
Mono,3214.0,5210.0,7611.0,5595.0,21630,2011
Monterey,121734.0,150283.0,148513.0,129693.0,550223,2011
Napa,7698.0,9411.0,8236.0,8855.0,34200,2011
Orange,867660.0,849262.0,861246.0,813803.0,3391971,2011
Placer,50119.0,51082.0,49704.0,50301.0,201206,2011
Plumas,0.0,0.0,0.0,19.0,19,2011
Riverside,823549.0,835801.0,814598.0,777480.0,3251428,2011
Sacramento,147244.0,162814.0,165612.0,160581.0,636251,2011
San Benito,16721.0,19561.0,22417.0,23833.0,82532,2011
San Bernardino,306010.0,333330.0,311814.0,291084.0,1242238,2011
San Diego,685236.0,699743.0,711791.0,700263.0,2797033,2011
San Joaquin,284599.0,324647.0,308710.0,286659.0,1204615,2011
San Luis Obispo,61258.0,61497.0,63688.0,61747.0,248190,2011
San Mateo,114425.0,127976.0,129585.0,120963.0,492949,2011
Santa Barbara,72604.0,76759.0,75624.0,71677.0,296664,2011
Santa Clara,212655.0,219924.0,217436.0,209210.0,859225,2011
Santa Cruz,29331.0,31442.0,37768.0,35743.0,134284,2011
Shasta,61345.0,63979.0,65390.0,63801.0,254515,2011
Sierra,412.0,607.0,748.0,353.0,2120,2011
Siskiyou,0.0,0.0,0.0,0.0,0,2011
Solano,191359.0,185264.0,187683.0,171968.0,736274,2011
Sonoma,34649.0,40006.0,37048.0,36186.0,147889,2011
Stanislaus,40358.0,44484.0,38249.0,39440.0,162531,2011
Tehama,9491.0,9141.0,10175.0,17673.0,46480,2011
Trinity,0.0,0.0,0.0,0.0,0,2011
Tulare,41856.0,50422.0,49324.0,50905.0,192507,2011
Ventura,244615.0,266282.0,262685.0,254205.0,1027787,2011
Yolo,46326.0,47198.0,43288.0,40601.0,177413,2011
Yuba,54452.0,56080.0,59165.0,60084.0,229781,2011
Alameda,333532.0,364141.0,369109.0,349212.0,1415994,2012
Butte,29338.0,38756.0,38084.0,34172.0,140350,2012
Calaveras,7429.0,7917.0,8049.0,7666.0,31061,2012
Colusa,0.0,0.0,0.0,0.0,0,2012
Contra Costa,177943.0,184455.0,187480.0,190845.0,740723,2012
El Dorado,0.0,404.0,0.0,331.0,735,2012
Fresno,114935.0,118061.0,117562.0,118783.0,469341,2012
Glenn,4559.0,4841.0,4833.0,4784.0,19017,2012
Humboldt,0.0,0.0,0.0,0.0,0,2012
Imperial,46257.0,44148.0,45368.0,44326.0,180099,2012
Inyo,5106.0,5725.0,4652.0,4517.0,20000,2012
Kern,218293.0,219143.0,230488.0,234233.0,902157,2012
Kings,121977.0,109303.0,105092.0,110390.0,446762,2012
Lake,13356.0,16212.0,14826.0,13360.0,57754,2012
Lassen,3890.0,4769.0,4781.0,4173.0,17613,2012
Los Angeles,1501187.0,1670938.0,1589697.0,1629253.0,6391075,2012
Madera,25795.0,27187.0,29854.0,27446.0,110282,2012
Marin,36146.0,46936.0,43991.0,44110.0,171183,2012
Mariposa,3505.0,5335.0,3289.0,2195.0,14324,2012
Mendocino,0.0,0.0,0.0,0.0,0,2012
Merced,54302.0,59586.0,61773.0,82526.0,258187,2012
Modoc,0.0,0.0,0.0,0.0,0,2012
Mono,3290.0,5767.0,7581.0,4564.0,21202,2012
Monterey,111799.0,131778.0,150935.0,133280.0,527792,2012
Napa,6326.0,6584.0,7153.0,6624.0,26687,2012
Orange,791329.0,838130.0,876160.0,854974.0,3360593,2012
Placer,47394.0,51020.0,49195.0,54771.0,202380,2012
Plumas,0.0,0.0,0.0,0.0,0,2012
Riverside,753614.0,786257.0,738990.0,717989.0,2996850,2012
Sacramento,157754.0,182448.0,176222.0,179640.0,696064,2012
San Benito,22448.0,25297.0,23892.0,20923.0,92560,2012
San Bernardino,292373.0,315697.0,304512.0,298613.0,1211195,2012
San Diego,648701.0,706942.0,704972.0,689836.0,2750451,2012
San Joaquin,282092.0,317063.0,302476.0,305614.0,1207245,2012
San Luis Obispo,56598.0,59540.0,62236.0,59739.0,238113,2012
San Mateo,116970.0,126540.0,123682.0,119219.0,486411,2012
Santa Barbara,66831.0,73164.0,73866.0,73753.0,287614,2012
Santa Clara,212685.0,220432.0,207694.0,223520.0,864331,2012
Santa Cruz,30400.0,35060.0,40585.0,40337.0,146382,2012
Shasta,58570.0,61090.0,60136.0,75162.0,254958,2012
Sierra,394.0,476.0,738.0,374.0,1982,2012
Siskiyou,0.0,0.0,0.0,0.0,0,2012
Solano,156746.0,164953.0,176067.0,174995.0,672761,2012
Sonoma,34423.0,37946.0,37497.0,39434.0,149300,2012
Stanislaus,47128.0,37416.0,33334.0,37535.0,155413,2012
Tehama,10359.0,10099.0,12176.0,12082.0,44716,2012
Trinity,0.0,0.0,0.0,0.0,0,2012
Tulare,50470.0,54684.0,53698.0,52143.0,210995,2012
Ventura,249977.0,253369.0,249547.0,257452.0,1010345,2012
Yolo,38088.0,41060.0,41013.0,43402.0,163563,2012
Yuba,58139.0,58517.0,55891.0,49502.0,222049,2012
Alameda,341708.0,350657.0,357707.0,344212.0,1394284,2013
Butte,33445.0,35133.0,35392.0,32290.0,136260,2013
Calaveras,7186.0,8066.0,8841.0,5474.0,29567,2013
Colusa,0.0,0.0,0.0,0.0,0,2013
Contra Costa,176054.0,181569.0,198075.0,202413.0,758111,2013
El Dorado,377.0,398.0,430.0,436.0,1641,2013
Fresno,109699.0,112985.0,109185.0,113981.0,445850,2013
Glenn,4725.0,5097.0,5557.0,4694.0,20073,2013
Humboldt,0.0,0.0,0.0,0.0,0,2013
Imperial,43153.0,49242.0,46746.0,70383.0,209524,2013
Inyo,4317.0,4732.0,5604.0,4458.0,19111,2013
Kern,237577.0,256888.0,231720.0,248477.0,974662,2013
Kings,105585.0,111428.0,124811.0,132084.0,473908,2013
Lake,14715.0,15044.0,16141.0,14872.0,60772,2013
Lassen,3660.0,5596.0,4731.0,4056.0,18043,2013
Los Angeles,1572016.0,1700495.0,1697082.0,1353174.0,6322767,2013
Madera,28528.0,37098.0,37622.0,38967.0,142215,2013
Marin,41777.0,47088.0,45667.0,46581.0,181113,2013
Mariposa,2281.0,2998.0,3439.0,2680.0,11398,2013
Mendocino,0.0,0.0,0.0,0.0,0,2013
Merced,54333.0,62411.0,73131.0,70193.0,260068,2013
Modoc,0.0,0.0,0.0,0.0,0,2013
Mono,3917.0,5553.0,6293.0,4111.0,19874,2013
Monterey,136385.0,166818.0,165448.0,150005.0,618656,2013
Napa,6243.0,6632.0,8174.0,6400.0,27449,2013
Orange,829329.0,868096.0,888426.0,1005465.0,3591316,2013
Placer,50902.0,56537.0,54545.0,54004.0,215988,2013
Plumas,0.0,0.0,0.0,43.0,43,2013
Riverside,719213.0,804513.0,832818.0,866525.0,3223069,2013
Sacramento,170570.0,182238.0,189321.0,180015.0,722144,2013
San Benito,24216.0,26913.0,36236.0,36949.0,124314,2013
San Bernardino,282146.0,281836.0,220554.0,343587.0,1128123,2013
San Diego,669556.0,762062.0,751047.0,753596.0,2936261,2013
San Joaquin,284714.0,295311.0,288153.0,292355.0,1160533,2013
San Luis Obispo,65119.0,66200.0,67406.0,63305.0,262030,2013
San Mateo,112370.0,120676.0,129898.0,125291.0,488235,2013
Santa Barbara,69195.0,81299.0,80738.0,78265.0,309497,2013
Santa Clara,186425.0,206210.0,223922.0,223454.0,840011,2013
Santa Cruz,30525.0,35463.0,39478.0,32684.0,138150,2013
Shasta,66131.0,65963.0,66661.0,57154.0,255909,2013
Sierra,460.0,726.0,832.0,443.0,2461,2013
Siskiyou,0.0,0.0,0.0,0.0,0,2013
Solano,176574.0,190026.0,212389.0,186668.0,765657,2013
Sonoma,38519.0,40354.0,43198.0,47071.0,169142,2013
Stanislaus,42734.0,51911.0,37003.0,41410.0,173058,2013
Tehama,11036.0,11568.0,11078.0,11599.0,45281,2013
Trinity,0.0,0.0,0.0,0.0,0,2013
Tulare,51257.0,53240.0,48603.0,46122.0,199222,2013
Ventura,236416.0,260155.0,276025.0,257943.0,1030539,2013
Yolo,40449.0,42406.0,44134.0,42690.0,169679,2013
Yuba,45249.0,47736.0,51176.0,45812.0,189973,2013
Alameda,328690.0,351433.0,355000.0,351359.0,1386482,2014
Butte,31910.0,36326.0,37030.0,37260.0,142526,2014
Calaveras,6998.0,7951.0,8301.0,7774.0,31024,2014
Colusa,0.0,0.0,0.0,0.0,0,2014
Contra Costa,158097.0,164275.0,198662.0,201258.0,722292,2014
El Dorado,399.0,380.0,455.0,498.0,1732,2014
Fresno,109020.0,118516.0,130530.0,132169.0,490235,2014
Glenn,4521.0,5523.0,4653.0,4809.0,19506,2014
Humboldt,0.0,0.0,0.0,0.0,0,2014
Imperial,49604.0,45076.0,46777.0,50196.0,191653,2014
Inyo,3777.0,4711.0,4510.0,5179.0,18177,2014
Kern,296326.0,287905.0,269596.0,339928.0,1193755,2014
Kings,133233.0,99554.0,80463.0,77845.0,391095,2014
Lake,14191.0,15239.0,15342.0,15372.0,60144,2014
Lassen,5110.0,4606.0,4837.0,5147.0,19700,2014
Los Angeles,1154397.0,1226415.0,1229800.0,1031059.0,4641671,2014
Madera,36718.0,39709.0,36915.0,49285.0,162627,2014
Marin,41509.0,45354.0,49531.0,51006.0,187400,2014
Mariposa,2593.0,3306.0,3376.0,2717.0,11992,2014
Mendocino,0.0,0.0,0.0,0.0,0,2014
Merced,66820.0,77167.0,74269.0,75326.0,293582,2014
Modoc,0.0,0.0,0.0,0.0,0,2014
Mono,3273.0,5276.0,6271.0,3958.0,18778,2014
Monterey,136853.0,157583.0,149720.0,135257.0,579413,2014
Napa,6424.0,7210.0,9002.0,8851.0,31487,2014
Orange,1057038.0,1119208.0,1117812.0,1142874.0,4436932,2014
Placer,52344.0,55360.0,55013.0,59161.0,221878,2014
Plumas,0.0,0.0,81.0,84.0,165,2014
Riverside,853504.0,893938.0,897932.0,885952.0,3531326,2014
Sacramento,169235.0,182895.0,185300.0,197432.0,734862,2014
San Benito,30583.0,37636.0,59812.0,58539.0,186570,2014
San Bernardino,392773.0,418795.0,408942.0,408165.0,1628675,2014
San Diego,736925.0,755309.0,821158.0,776060.0,3089452,2014
San Joaquin,288491.0,300144.0,298962.0,291981.0,1179578,2014
San Luis Obispo,60381.0,68089.0,73147.0,72055.0,273672,2014
San Mateo,120222.0,129775.0,125250.0,124823.0,500070,2014
Santa Barbara,68689.0,77150.0,80428.0,74864.0,301131,2014
Santa Clara,249919.0,248595.0,234201.0,230768.0,963483,2014
Santa Cruz,31053.0,34020.0,37547.0,39037.0,141657,2014
Shasta,53214.0,58229.0,46700.0,68448.0,226591,2014
Sierra,427.0,655.0,755.0,491.0,2328,2014
Siskiyou,0.0,0.0,0.0,0.0,0,2014
Solano,211833.0,222482.0,206913.0,195971.0,837199,2014
Sonoma,42887.0,47247.0,51528.0,53104.0,194766,2014
Stanislaus,35601.0,45042.0,40733.0,46189.0,167565,2014
Tehama,9782.0,11037.0,11321.0,12700.0,44840,2014
Trinity,0.0,0.0,0.0,0.0,0,2014
Tulare,47421.0,58715.0,71229.0,68647.0,246012,2014
Ventura,236564.0,277700.0,319831.0,335332.0,1169427,2014
Yolo,42016.0,44673.0,44572.0,44379.0,175640,2014
Yuba,47582.0,51740.0,52768.0,47326.0,199416,2014
Alameda,349273.0,351381.0,350633.0,332172.0,1383459,2015
Butte,35496.0,39702.0,41191.0,38711.0,155100,2015
Calaveras,7752.0,5495.0,5010.0,6560.0,24817,2015
Colusa,0.0,0.0,0.0,0.0,0,2015
Contra Costa,201133.0,201347.0,202956.0,187994.0,793430,2015
El Dorado,1103.0,379.0,403.0,0.0,1885,2015
Fresno,133399.0,143308.0,143632.0,150690.0,571029,2015
Glenn,4873.0,4996.0,5062.0,5026.0,19957,2015
Humboldt,0.0,0.0,0.0,0.0,0,2015
Imperial,47018.0,71213.0,72971.0,75318.0,266520,2015
Inyo,4259.0,4364.0,4193.0,4526.0,17342,2015
Kern,330227.0,274709.0,311142.0,277486.0,1193564,2015
Kings,79776.0,70375.0,68502.0,65867.0,284520,2015
Lake,15225.0,16118.0,17484.0,0.0,48827,2015
Lassen,4858.0,5384.0,5700.0,4603.0,20545,2015
Los Angeles,1342069.0,1203281.0,1247013.0,1244111.0,5036474,2015
Madera,40370.0,40223.0,42707.0,47078.0,170378,2015
Marin,50259.0,50982.0,52958.0,52211.0,206410,2015
Mariposa,2287.0,2434.0,3718.0,2864.0,11303,2015
Mendocino,0.0,0.0,0.0,0.0,0,2015
Merced,59551.0,75323.0,74708.0,73104.0,282686,2015
Modoc,0.0,0.0,0.0,0.0,0,2015
Mono,3720.0,5613.0,5989.0,3914.0,19236,2015
Monterey,134675.0,151089.0,167426.0,153622.0,606812,2015
Napa,6748.0,7203.0,10153.0,7960.0,32064,2015
Orange,1108707.0,1211894.0,1174385.0,1207547.0,4702533,2015
Placer,58410.0,59523.0,59600.0,60795.0,238328,2015
Plumas,,0.0,0.0,760.0,760,2015
Riverside,891762.0,910412.0,949814.0,1568348.0,4320336,2015
Sacramento,206037.0,205644.0,212280.0,200289.0,824250,2015
San Benito,62764.0,66996.0,67390.0,60742.0,257892,2015
San Bernardino,425679.0,455879.0,442253.0,452524.0,1776335,2015
San Diego,773973.0,829213.0,826080.0,793236.0,3222502,2015
San Joaquin,300627.0,314999.0,295294.0,372688.0,1283608,2015
San Luis Obispo,74207.0,77737.0,74695.0,72530.0,299169,2015
San Mateo,126992.0,133386.0,135947.0,133980.0,530305,2015
Santa Barbara,73362.0,80015.0,84610.0,82017.0,320004,2015
Santa Clara,254306.0,252880.0,243805.0,248783.0,999774,2015
Santa Cruz,39223.0,38195.0,43128.0,41586.0,162132,2015
Shasta,47545.0,50239.0,50231.0,50084.0,198099,2015
Sierra,418.0,564.0,648.0,504.0,2134,2015
Siskiyou,0.0,0.0,0.0,0.0,0,2015
Solano,203896.0,234183.0,245720.0,224915.0,908714,2015
Sonoma,52013.0,66239.0,71974.0,72591.0,262817,2015
Stanislaus,42623.0,54816.0,57974.0,54594.0,210007,2015
Tehama,11451.0,11799.0,12743.0,12171.0,48164,2015
Trinity,0.0,0.0,0.0,0.0,0,2015
Tulare,78069.0,82541.0,90256.0,92223.0,343089,2015
Ventura,311582.0,320344.0,324184.0,344273.0,1300383,2015
Yolo,43546.0,44466.0,46693.0,47970.0,182675,2015
Yuba,46737.0,42573.0,42794.0,45306.0,177410,2015
Alameda,272064.0,249625.0,279921.0,277964.0,1079574,2016
Butte,42219.0,45174.0,46075.0,42260.0,175728,2016
Calaveras,7989.0,9012.0,8430.0,8117.0,33548,2016
Colusa,0.0,0.0,0.0,0.0,0,2016
Contra Costa,198144.0,204510.0,189577.0,212980.0,805211,2016
El Dorado,0.0,385.0,341.0,321.0,1047,2016
Fresno,169182.0,156970.0,150400.0,160184.0,636736,2016
Glenn,5256.0,5529.0,5191.0,5210.0,21186,2016
Humboldt,0.0,0.0,0.0,0.0,0,2016
Imperial,70332.0,73394.0,72571.0,72151.0,288448,2016
Inyo,3692.0,5081.0,5571.0,5368.0,19712,2016
Kern,263915.0,245438.0,286011.0,268779.0,1064143,2016
Kings,58914.0,75066.0,69155.0,76463.0,279598,2016
Lake,67726.0,24414.0,20294.0,47773.0,160207,2016
Lassen,4486.0,5327.0,5258.0,4448.0,19519,2016
Los Angeles,1330140.0,1523684.0,1605469.0,1352729.0,5812022,2016
Madera,45043.0,52622.0,54517.0,46540.0,198722,2016
Marin,49622.0,55606.0,57882.0,53445.0,216555,2016
Mariposa,2776.0,3176.0,3888.0,4177.0,14017,2016
Mendocino,0.0,0.0,0.0,0.0,0,2016
Merced,84921.0,85726.0,81606.0,88676.0,340929,2016
Modoc,0.0,568.0,565.0,669.0,1802,2016
Mono,3944.0,5919.0,7446.0,4790.0,22099,2016
Monterey,159121.0,176421.0,194212.0,180675.0,710429,2016
Napa,8801.0,9123.0,9062.0,6900.0,33886,2016
Orange,1193919.0,1196123.0,1200143.0,1163031.0,4753216,2016
Placer,62056.0,66324.0,64106.0,65683.0,258169,2016
Plumas,0.0,0.0,0.0,0.0,0,2016
Riverside,1582405.0,976291.0,1002611.0,1047897.0,4609204,2016
Sacramento,41508.0,227865.0,229854.0,224201.0,723428,2016
San Benito,61526.0,67574.0,75343.0,67861.0,272304,2016
San Bernardino,426488.0,421522.0,432151.0,429780.0,1709941,2016
San Diego,792145.0,816650.0,825783.0,791761.0,3226339,2016
San Joaquin,419439.0,320577.0,314733.0,338176.0,1392925,2016
San Luis Obispo,73423.0,77699.0,78776.0,91109.0,321007,2016
San Mateo,138876.0,145156.0,146553.0,137400.0,567985,2016
Santa Barbara,81703.0,85103.0,86522.0,83559.0,336887,2016
Santa Clara,233469.0,246736.0,228965.0,217635.0,926805,2016
Santa Cruz,40528.0,44819.0,47687.0,43772.0,176806,2016
Shasta,47768.0,61796.0,58575.0,56227.0,224366,2016
Sierra,453.0,447.0,859.0,541.0,2300,2016
Siskiyou,0.0,0.0,0.0,0.0,0,2016
Solano,314879.0,360744.0,399146.0,383482.0,1458251,2016
Sonoma,73967.0,77764.0,77044.0,75318.0,304093,2016
Stanislaus,68632.0,66288.0,59040.0,58367.0,252327,2016
Tehama,12387.0,13550.0,12827.0,12940.0,51704,2016
Trinity,0.0,0.0,0.0,0.0,0,2016
Tulare,96600.0,99301.0,100344.0,101337.0,397582,2016
Ventura,338116.0,339638.0,328318.0,348411.0,1354483,2016
Yolo,46841.0,49837.0,52738.0,49331.0,198747,2016
Yuba,46179.0,44666.0,45137.0,46889.0,182871,2016
Alameda,288957.0,302635.0,343684.0,289457.0,1224733,2017
Butte,40973.0,54536.0,51843.0,44754.0,192106,2017
Calaveras,3941.0,5661.0,6730.0,5824.0,22156,2017
Colusa,0.0,0.0,0.0,0.0,0,2017
Contra Costa,183729.0,194855.0,190849.0,220505.0,789938,2017
El Dorado,0.0,506.0,386.0,0.0,892,2017
Fresno,161546.0,158402.0,157102.0,161078.0,638128,2017
Glenn,5275.0,5516.0,5375.0,3593.0,19759,2017
Humboldt,0.0,0.0,0.0,,0,2017
Imperial,73123.0,74361.0,76756.0,76013.0,300253,2017
Inyo,4484.0,4938.0,6854.0,5303.0,21579,2017
Kern,270904.0,280598.0,281460.0,271070.0,1104032,2017
Kings,84514.0,135314.0,69524.0,71581.0,360933,2017
Lake,13515.0,12242.0,12689.0,56216.0,94662,2017
Lassen,4465.0,5831.0,5540.0,4870.0,20706,2017
Los Angeles,1321277.0,1419692.0,1380346.0,1314091.0,5435406,2017
Madera,48198.0,53553.0,48176.0,48025.0,197952,2017
Marin,52645.0,58689.0,69757.0,170600.0,351691,2017
Mariposa,3193.0,2975.0,2849.0,3449.0,12466,2017
Mendocino,0.0,0.0,0.0,0.0,0,2017
Merced,103565.0,107662.0,132646.0,122188.0,466061,2017
Modoc,226.0,518.0,9.0,282.0,1035,2017
Mono,4303.0,6104.0,7586.0,5802.0,23795,2017
Monterey,184103.0,193368.0,214491.0,219005.0,810967,2017
Napa,10189.0,11344.0,10538.0,40116.0,72187,2017
Orange,1212788.0,1233879.0,1290612.0,1216417.0,4953696,2017
Placer,68900.0,72806.0,70315.0,71497.0,283518,2017
Plumas,0.0,0.0,0.0,0.0,0,2017
Riverside,1185037.0,1506388.0,1172470.0,1201244.0,5065139,2017
Sacramento,253111.0,259245.0,255220.0,254920.0,1022496,2017
San Benito,67624.0,74310.0,76749.0,71870.0,290553,2017
San Bernardino,464626.0,471324.0,453454.0,430668.0,1820072,2017
San Diego,839503.0,862484.0,865026.0,787021.0,3354034,2017
San Joaquin,330295.0,342218.0,340284.0,321872.0,1334669,2017
San Luis Obispo,80400.0,87555.0,85517.0,73052.0,326524,2017
San Mateo,142824.0,145229.0,148355.0,140993.0,577401,2017
Santa Barbara,82338.0,88258.0,102141.0,89052.0,361789,2017
Santa Clara,233250.0,240766.0,227728.0,96980.0,798724,2017
Santa Cruz,37953.0,48117.0,47701.0,42421.0,176192,2017
Shasta,51882.0,66235.0,59002.0,78057.0,255176,2017
Sierra,341.0,217.0,232.0,143.0,933,2017
Siskiyou,0.0,0.0,0.0,0.0,0,2017
Solano,396724.0,413591.0,412169.0,489592.0,1712076,2017
Sonoma,75073.0,79962.0,78530.0,422296.0,655861,2017
Stanislaus,74831.0,69054.0,72797.0,66652.0,283334,2017
Tehama,12591.0,14037.0,13138.0,13025.0,52791,2017
Trinity,0.0,0.0,0.0,0.0,0,2017
Tulare,107012.0,111390.0,104002.0,101839.0,424243,2017
Ventura,333632.0,387659.0,406248.0,395297.0,1522836,2017
Yolo,50986.0,51323.0,52302.0,56416.0,211027,2017
Yuba,49993.0,50825.0,48511.0,99691.0,249020,2017
Alameda,289110.0,311682.0,295846.0,361244.0,1257882,2018
Butte,41550.0,96694.0,44685.0,39591.0,222520,2018
Calaveras,6405.0,7236.0,7072.0,,20713,2018
Colusa,0.0,0.0,0.0,0.0,0,2018
Contra Costa,197907.0,218079.0,208154.0,203855.0,827995,2018
El Dorado,0.0,353.0,730.0,0.0,1083,2018
Fresno,162134.0,158679.0,163883.0,15812.0,500508,2018
Glenn,5320.0,5971.0,5502.0,0.0,16793,2018
Imperial,152062.0,94416.0,73401.0,81747.0,401626,2018
Inyo,5190.0,5279.0,5606.0,5734.0,21809,2018
Kern,319636.0,359348.0,345260.0,340383.0,1364627,2018
Kings,71481.0,76294.0,78771.0,77352.0,303898,2018
Lake,71309.0,16190.0,14506.0,,102005,2018
Lassen,4243.0,5698.0,5631.0,4979.0,20551,2018
Los Angeles,1292910.0,1403138.0,1356614.0,1426110.0,5478772,2018
Madera,58183.0,52039.0,51298.0,53572.0,215092,2018
Marin,171249.0,71288.0,60698.0,57499.0,360734,2018
Mariposa,1920.0,3641.0,3430.0,3002.0,11993,2018
Mendocino,0.0,0.0,0.0,0.0,0,2018
Merced,116241.0,124928.0,122734.0,134424.0,498327,2018
Modoc,0.0,165.0,276.0,145.0,586,2018
Mono,4164.0,5854.0,7253.0,5760.0,23031,2018
Monterey,207756.0,195645.0,233006.0,224051.0,860458,2018
Napa,95068.0,21850.0,12337.0,13349.0,142604,2018
Orange,1200085.0,1272670.0,1290351.0,1291123.0,5054229,2018
Placer,70796.0,74811.0,74340.0,73577.0,293524,2018
Plumas,0.0,0.0,6.0,7.0,13,2018
Riverside,1204657.0,1247788.0,1213759.0,1232821.0,4899025,2018
Sacramento,260156.0,280852.0,292332.0,,833340,2018
San Benito,69075.0,73570.0,75996.0,71069.0,289710,2018
San Bernardino,467389.0,488755.0,484957.0,467361.0,1908462,2018
San Diego,974993.0,1029377.0,822072.0,867700.0,3694142,2018
San Joaquin,325907.0,343577.0,343678.0,345257.0,1358419,2018
San Luis Obispo,75595.0,78925.0,81079.0,73148.0,308747,2018
San Mateo,281668.0,146677.0,150013.0,145116.0,723474,2018
Santa Barbara,96761.0,101983.0,102277.0,41874.0,342895,2018
Santa Clara,353246.0,261642.0,228789.0,224353.0,1068030,2018
Santa Cruz,39083.0,43064.0,40993.0,40858.0,163998,2018
Shasta,50635.0,58972.0,144747.0,409567.0,663921,2018
Sierra,0.0,,0.0,,0,2018
Siskiyou,0.0,0.0,0.0,3303.0,3303,2018
Solano,445577.0,418298.0,402796.0,385085.0,1651756,2018
Sonoma,593614.0,111123.0,89152.0,89758.0,883647,2018
Stanislaus,70652.0,74314.0,74137.0,68618.0,287721,2018
Tehama,12923.0,13458.0,13113.0,12758.0,52252,2018
Trinity,0.0,0.0,0.0,0.0,0,2018
Tulare,107096.0,115114.0,110230.0,113842.0,446282,2018
Ventura,518303.0,518869.0,435656.0,431874.0,1904702,2018
Yolo,48373.0,48143.0,47023.0,45108.0,188647,2018
Yuba,58487.0,48026.0,55297.0,64736.0,226546,2018
Alameda,345989.0,332015.0,354313.0,339325.0,1371642,2019
Butte,74550.0,325573.0,353112.0,78365.0,831600,2019
Calaveras,7955.0,6401.0,5848.0,4733.0,24937,2019
Colusa,0.0,0.0,0.0,0.0,0,2019
Contra Costa,199048.0,203878.0,203334.0,202393.0,808653,2019
El Dorado,0.0,401.0,347.0,387.0,1135,2019
Fresno,180056.0,186401.0,172538.0,181480.0,720475,2019
Glenn,6205.0,6140.0,5953.0,857.0,19155,2019
Imperial,80907.0,74500.0,76977.0,81917.0,314301,2019
Inyo,4961.0,6332.0,6539.0,5561.0,23393,2019
Kern,341562.0,377400.0,425017.0,416767.0,1560746,2019
Kings,76193.0,88724.0,86144.0,86652.0,337713,2019
Lake,12058.0,14832.0,14265.0,12257.0,53412,2019
Lassen,4847.0,5958.0,6179.0,5190.0,22174,2019
Los Angeles,1494918.0,1601082.0,1552456.0,1444754.0,6093210,2019
Madera,56370.0,56262.0,57204.0,32354.0,202190,2019
Marin,50431.0,55008.0,53829.0,58449.0,217717,2019
Mariposa,3880.0,4313.0,4167.0,3050.0,15410,2019
Mendocino,0.0,0.0,0.0,0.0,0,2019
Merced,113354.0,131259.0,142308.0,126461.0,513382,2019
Modoc,38.0,293.0,260.0,187.0,778,2019
Mono,3998.0,6549.0,8372.0,6438.0,25357,2019
Monterey,211453.0,234854.0,240634.0,226521.0,913462,2019
Napa,10203.0,11671.0,10535.0,17155.0,49564,2019
Orange,1248390.0,1318542.0,1324294.0,1254314.0,5145540,2019
Placer,67487.0,73434.0,73619.0,74774.0,289314,2019
Plumas,0.0,,0.0,0.0,0,2019
Riverside,1219714.0,1298006.0,1193986.0,1216998.0,4928704,2019
Sacramento,256988.0,289188.0,286663.0,275988.0,1108827,2019
San Benito,69282.0,75987.0,75556.0,77677.0,298502,2019
San Bernardino,484335.0,500585.0,481927.0,469141.0,1935988,2019
San Diego,808822.0,841518.0,842826.0,774869.0,3268035,2019
San Joaquin,330679.0,358733.0,342510.0,341184.0,1373106,2019
San Luis Obispo,71587.0,76934.0,78287.0,77121.0,303929,2019
San Mateo,152626.0,160253.0,152035.0,146597.0,611511,2019
Santa Barbara,92535.0,110785.0,99931.0,97978.0,401229,2019
Santa Clara,223904.0,250649.0,244516.0,256784.0,975853,2019
Santa Cruz,36229.0,42416.0,42304.0,38071.0,159020,2019
Shasta,129114.0,512118.0,283548.0,63935.0,988715,2019
Sierra,0.0,0.0,0.0,0.0,0,2019
Siskiyou,631.0,0.0,0.0,0.0,631,2019
Solano,378321.0,399977.0,420493.0,406647.0,1605438,2019
Sonoma,84385.0,84990.0,86185.0,81957.0,337517,2019
Stanislaus,65790.0,74093.0,68990.0,70512.0,279385,2019
Tehama,13464.0,15030.0,14615.0,14865.0,57974,2019
Trinity,0.0,0.0,0.0,0.0,0,2019
Tulare,110964.0,120160.0,117895.0,116847.0,465866,2019
Ventura,550890.0,550991.0,387612.0,392787.0,1882280,2019
Yolo,46287.0,48795.0,51209.0,47589.0,193880,2019
Yuba,178865.0,838769.0,739125.0,107310.0,1864069,2019
,,,,120909.0,120909,2020
Alameda,296675.0,271586.0,307672.0,293416.0,1169349,2020
Butte,51657.0,39408.0,44225.0,37357.0,172647,2020
Calaveras,6695.0,9181.0,0.0,6464.0,22340,2020
Colusa,68.0,84.0,130.0,,282,2020
Contra Costa,193183.0,185661.0,203079.0,197366.0,779289,2020
El Dorado,0.0,0.0,318.0,300.0,618,2020
Fresno,182617.0,176649.0,189898.0,182081.0,731245,2020
Glenn,0.0,0.0,0.0,0.0,0,2020
Imperial,77872.0,74727.0,50544.0,81704.0,284847,2020
Inyo,5459.0,6236.0,6619.0,4474.0,22788,2020
Kern,501238.0,431162.0,412535.0,420974.0,1765909,2020
Kings,38703.0,80086.0,87868.0,91172.0,297829,2020
Lake,13089.0,13981.0,13925.0,16176.0,57171,2020
Lassen,5055.0,6087.0,6130.0,5069.0,22341,2020
Los Angeles,1527969.0,1553805.0,1668491.0,1619698.0,6369963,2020
Madera,37635.0,55394.0,55250.0,42899.0,191178,2020
Marin,55590.0,55184.0,53597.0,58272.0,222643,2020
Mariposa,2790.0,2824.0,3238.0,2911.0,11763,2020
Mendocino,0.0,0.0,0.0,0.0,0,2020
Merced,129114.0,119089.0,132443.0,134701.0,515347,2020
Modoc,56.0,286.0,464.0,246.0,1052,2020
Mono,4198.0,5304.0,8110.0,5511.0,23123,2020
Monterey,214064.0,195736.0,231240.0,222464.0,863504,2020
Napa,14755.0,9767.0,9223.0,22430.0,56175,2020
Orange,1318426.0,1276478.0,1295181.0,1238961.0,5129046,2020
Placer,71490.0,0.0,74636.0,81555.0,227681,2020
Plumas,0.0,0.0,0.0,0.0,0,2020
Riverside,1168535.0,1201789.0,1182619.0,1210311.0,4763254,2020
Sacramento,270552.0,284115.0,35698.0,264324.0,854689,2020
San Benito,68569.0,61839.0,71182.0,68145.0,269735,2020
San Bernardino,489589.0,556158.0,476911.0,452638.0,1975296,2020
San Diego,765064.0,592195.0,605429.0,773173.0,2735861,2020
San Joaquin,339365.0,343291.0,351934.0,367533.0,1402123,2020
San Luis Obispo,68833.0,73025.0,76883.0,77254.0,295995,2020
San Mateo,135763.0,112804.0,130272.0,131220.0,510059,2020
Santa Barbara,91247.0,100357.0,110223.0,62800.0,364627,2020
Santa Clara,242249.0,219496.0,228406.0,232118.0,922269,2020
Santa Cruz,32979.0,37178.0,42980.0,38038.0,151175,2020
Shasta,66539.0,77164.0,34510.0,73404.0,251617,2020
Sierra,0.0,0.0,0.0,,0,2020
Siskiyou,0.0,0.0,0.0,0.0,0,2020
Solano,369410.0,357275.0,395676.0,410230.0,1532591,2020
Sonoma,77345.0,76225.0,81800.0,78294.0,313664,2020
Stanislaus,68397.0,76260.0,72020.0,68015.0,284692,2020
Tehama,14256.0,14968.0,14860.0,15208.0,59292,2020
Trinity,0.0,0.0,0.0,,0,2020
Tulare,116917.0,127605.0,131003.0,126283.0,501808,2020
Ventura,449193.0,430186.0,439541.0,398217.0,1717137,2020
Yolo,43678.0,44062.0,,,87740,2020
Yuba,73924.0,71032.0,88234.0,86866.0,320056,2020
